<entities >
  <entity name="account" displayname="Account" etc="1" primaryidfield="accountid" primarynamefield="name" disableplugins="false">
    <fields>
      <field displayname="Account" name="accountid" type="guid" primaryKey="true" />
      <field displayname="Account Name" name="name" type="string" />
      <field displayname="Account Number" name="accountnumber" type="string" />
      <field displayname="Account Rating" name="accountratingcode" type="optionsetvalue" />
      <field displayname="Address 1" name="address1_composite" type="string" />
      <field displayname="Address 1: Address Type" name="address1_addresstypecode" type="optionsetvalue" />
      <field displayname="Address 1: City" name="address1_city" type="string" />
      <field displayname="Address 1: Country/Region" name="address1_country" type="string" />
      <field displayname="Address 1: County" name="address1_county" type="string" />
      <field displayname="Address 1: Fax" name="address1_fax" type="string" />
      <field displayname="Address 1: Freight Terms" name="address1_freighttermscode" type="optionsetvalue" />
      <field displayname="Address 1: ID" name="address1_addressid" type="guid" primaryKey="true" />
      <field displayname="Address 1: Latitude" name="address1_latitude" type="float" />
      <field displayname="Address 1: Longitude" name="address1_longitude" type="float" />
      <field displayname="Address 1: Name" name="address1_name" type="string" />
      <field displayname="Address 1: Post Office Box" name="address1_postofficebox" type="string" />
      <field displayname="Address 1: Primary Contact Name" name="address1_primarycontactname" type="string" />
      <field displayname="Address 1: Shipping Method" name="address1_shippingmethodcode" type="optionsetvalue" />
      <field displayname="Address 1: State/Province" name="address1_stateorprovince" type="string" />
      <field displayname="Address 1: Street 1" name="address1_line1" type="string" />
      <field displayname="Address 1: Street 2" name="address1_line2" type="string" />
      <field displayname="Address 1: Street 3" name="address1_line3" type="string" />
      <field displayname="Address 1: Telephone 2" name="address1_telephone2" type="string" />
      <field displayname="Address 1: Telephone 3" name="address1_telephone3" type="string" />
      <field displayname="Address 1: UPS Zone" name="address1_upszone" type="string" />
      <field displayname="Address 1: UTC Offset" name="address1_utcoffset" type="number" />
      <field displayname="Address 1: ZIP/Postal Code" name="address1_postalcode" type="string" />
      <field displayname="Address 2" name="address2_composite" type="string" />
      <field displayname="Address 2: Address Type" name="address2_addresstypecode" type="optionsetvalue" />
      <field displayname="Address 2: City" name="address2_city" type="string" />
      <field displayname="Address 2: Country/Region" name="address2_country" type="string" />
      <field displayname="Address 2: County" name="address2_county" type="string" />
      <field displayname="Address 2: Fax" name="address2_fax" type="string" />
      <field displayname="Address 2: Freight Terms" name="address2_freighttermscode" type="optionsetvalue" />
      <field displayname="Address 2: ID" name="address2_addressid" type="guid" primaryKey="true" />
      <field displayname="Address 2: Latitude" name="address2_latitude" type="float" />
      <field displayname="Address 2: Longitude" name="address2_longitude" type="float" />
      <field displayname="Address 2: Name" name="address2_name" type="string" />
      <field displayname="Address 2: Post Office Box" name="address2_postofficebox" type="string" />
      <field displayname="Address 2: Primary Contact Name" name="address2_primarycontactname" type="string" />
      <field displayname="Address 2: Shipping Method" name="address2_shippingmethodcode" type="optionsetvalue" />
      <field displayname="Address 2: State/Province" name="address2_stateorprovince" type="string" />
      <field displayname="Address 2: Street 1" name="address2_line1" type="string" />
      <field displayname="Address 2: Street 2" name="address2_line2" type="string" />
      <field displayname="Address 2: Street 3" name="address2_line3" type="string" />
      <field displayname="Address 2: Telephone 1" name="address2_telephone1" type="string" />
      <field displayname="Address 2: Telephone 2" name="address2_telephone2" type="string" />
      <field displayname="Address 2: Telephone 3" name="address2_telephone3" type="string" />
      <field displayname="Address 2: UPS Zone" name="address2_upszone" type="string" />
      <field displayname="Address 2: UTC Offset" name="address2_utcoffset" type="number" />
      <field displayname="Address 2: ZIP/Postal Code" name="address2_postalcode" type="string" />
      <field displayname="Address Phone" name="address1_telephone1" type="string" />
      <field displayname="Aging 30" name="aging30" type="money" />
      <field displayname="Aging 30 (Base)" name="aging30_base" type="money" />
      <field displayname="Aging 60" name="aging60" type="money" />
      <field displayname="Aging 60 (Base)" name="aging60_base" type="money" />
      <field displayname="Aging 90" name="aging90" type="money" />
      <field displayname="Aging 90 (Base)" name="aging90_base" type="money" />
      <field displayname="Annual Revenue" name="revenue" type="money" />
      <field displayname="Annual Revenue (Base)" name="revenue_base" type="money" />
      <field displayname="Business Type" name="businesstypecode" type="optionsetvalue" />
      <field displayname="Category" name="accountcategorycode" type="optionsetvalue" />
      <field displayname="Classification" name="accountclassificationcode" type="optionsetvalue" />
      <field displayname="Credit Limit" name="creditlimit" type="money" />
      <field displayname="Credit Limit (Base)" name="creditlimit_base" type="money" />
      <field displayname="Currency" name="transactioncurrencyid" type="entityreference" lookupType="transactioncurrency" />
      <field displayname="Customer Size" name="customersizecode" type="optionsetvalue" />
      <field displayname="Default Image" name="entityimage" type="imagedata" />
      <field displayname="Description" name="description" type="string" />
      <field displayname="Do not allow Bulk Emails" name="donotbulkemail" type="bool" />
      <field displayname="Do not allow Bulk Mails" name="donotbulkpostalmail" type="bool" />
      <field displayname="Do not allow Emails" name="donotemail" type="bool" />
      <field displayname="Do not allow Faxes" name="donotfax" type="bool" />
      <field displayname="Do not allow Mails" name="donotpostalmail" type="bool" />
      <field displayname="Do not allow Phone Calls" name="donotphone" type="bool" />
      <field displayname="Email" name="emailaddress1" type="string" />
      <field displayname="Email Address 2" name="emailaddress2" type="string" />
      <field displayname="Email Address 3" name="emailaddress3" type="string" />
      <field displayname="Entity Image Id" name="entityimageid" type="guid" />
      <field displayname="Exchange Rate" name="exchangerate" type="decimal" />
      <field displayname="Fax" name="fax" type="string" />
      <field displayname="Follow Email Activity" name="followemail" type="bool" />
      <field displayname="FTP Site" name="ftpsiteurl" type="string" />
      <field displayname="Import Sequence Number" name="importsequencenumber" type="number" />
      <field displayname="Industry" name="industrycode" type="optionsetvalue" />
      <field displayname="Last Date Included in Campaign" name="lastusedincampaign" type="datetime" />
      <field displayname="Last On Hold Time" name="lastonholdtime" type="datetime" />
      <field displayname="Last SLA applied" name="slainvokedid" type="entityreference" lookupType="sla" />
      <field displayname="Main Phone" name="telephone1" type="string" />
      <field displayname="Market Capitalization" name="marketcap" type="money" />
      <field displayname="Market Capitalization (Base)" name="marketcap_base" type="money" />
      <field displayname="Marketing Only" name="marketingonly" type="bool" />
      <field displayname="Master ID" name="masterid" type="entityreference" lookupType="account" />
      <field displayname="Merged" name="merged" type="bool" />
      <field displayname="Number of Employees" name="numberofemployees" type="number" />
      <field displayname="On Hold Time (Minutes)" name="onholdtime" type="number" />
      <field displayname="Other Phone" name="telephone2" type="string" />
      <field displayname="Owner" name="ownerid" type="owner" />
      <field displayname="Ownership" name="ownershipcode" type="optionsetvalue" />
      <field displayname="Owning Business Unit" name="owningbusinessunit" type="entityreference" lookupType="businessunit" />
      <field displayname="Owning Team" name="owningteam" type="entityreference" lookupType="team" />
      <field displayname="Owning User" name="owninguser" type="entityreference" lookupType="systemuser" />
      <field displayname="Parent Account" name="parentaccountid" type="entityreference" lookupType="account" />
      <field displayname="Participates in Workflow" name="participatesinworkflow" type="bool" />
      <field displayname="Payment Terms" name="paymenttermscode" type="optionsetvalue" />
      <field displayname="Preferred Day" name="preferredappointmentdaycode" type="optionsetvalue" />
      <field displayname="Preferred Method of Contact" name="preferredcontactmethodcode" type="optionsetvalue" />
      <field displayname="Preferred Time" name="preferredappointmenttimecode" type="optionsetvalue" />
      <field displayname="Preferred User" name="preferredsystemuserid" type="entityreference" lookupType="systemuser" />
      <field displayname="Primary Contact" name="primarycontactid" type="entityreference" lookupType="contact" />
      <field displayname="Primary Satori ID" name="primarysatoriid" type="string" />
      <field displayname="Primary Twitter ID" name="primarytwitterid" type="string" />
      <field displayname="Process" name="processid" type="guid" />
      <field displayname="Profile Tier" name="msfsi_profiletier" type="optionsetvalue" customfield="true" />
      <field displayname="Record Created On" name="overriddencreatedon" type="datetime" />
      <field displayname="Relationship Type" name="customertypecode" type="optionsetvalue" />
      <field displayname="Send Marketing Materials" name="donotsendmm" type="bool" />
      <field displayname="Shares Outstanding" name="sharesoutstanding" type="number" />
      <field displayname="Shipping Method" name="shippingmethodcode" type="optionsetvalue" />
      <field displayname="SIC Code" name="sic" type="string" />
      <field displayname="SLA" name="slaid" type="entityreference" lookupType="sla" />
      <field displayname="Status" name="statecode" type="state" />
      <field displayname="Status Reason" name="statuscode" type="status" />
      <field displayname="Stock Exchange" name="stockexchange" type="string" />
      <field displayname="Telephone 3" name="telephone3" type="string" />
      <field displayname="Territory Code" name="territorycode" type="optionsetvalue" />
      <field displayname="Ticker Symbol" name="tickersymbol" type="string" />
      <field displayname="Time Spent by me" name="timespentbymeonemailandmeetings" type="string" />
      <field displayname="Total Claims" name="msfsi_totalclaims" type="money" customfield="true" />
      <field displayname="Total Claims (Base)" name="msfsi_totalclaims_base" type="money" customfield="true" />
      <field displayname="Total Premium" name="msfsi_totalpremium" type="money" customfield="true" />
      <field displayname="Total Premium (Base)" name="msfsi_totalpremium_base" type="money" customfield="true" />
      <field displayname="Website" name="websiteurl" type="string" />
      <field displayname="Yomi Account Name" name="yominame" type="string" />
      <field displayname="Credit Hold" name="creditonhold" type="bool" />
    </fields>
  </entity>
  <entity name="contact" displayname="Contact" etc="2" primaryidfield="contactid" primarynamefield="fullname" disableplugins="false">
    <fields>
      <field displayname="Account" name="accountid" type="entityreference" lookupType="account" />
      <field displayname="Address 1" name="address1_composite" type="string" />
      <field displayname="Address 1: Address Type" name="address1_addresstypecode" type="optionsetvalue" />
      <field displayname="Address 1: City" name="address1_city" type="string" />
      <field displayname="Address 1: Country/Region" name="address1_country" type="string" />
      <field displayname="Address 1: County" name="address1_county" type="string" />
      <field displayname="Address 1: Fax" name="address1_fax" type="string" />
      <field displayname="Address 1: Freight Terms" name="address1_freighttermscode" type="optionsetvalue" />
      <field displayname="Address 1: ID" name="address1_addressid" type="guid" primaryKey="true" />
      <field displayname="Address 1: Latitude" name="address1_latitude" type="float" />
      <field displayname="Address 1: Longitude" name="address1_longitude" type="float" />
      <field displayname="Address 1: Name" name="address1_name" type="string" />
      <field displayname="Address 1: Phone" name="address1_telephone1" type="string" />
      <field displayname="Address 1: Post Office Box" name="address1_postofficebox" type="string" />
      <field displayname="Address 1: Primary Contact Name" name="address1_primarycontactname" type="string" />
      <field displayname="Address 1: Shipping Method" name="address1_shippingmethodcode" type="optionsetvalue" />
      <field displayname="Address 1: State/Province" name="address1_stateorprovince" type="string" />
      <field displayname="Address 1: Street 1" name="address1_line1" type="string" />
      <field displayname="Address 1: Street 2" name="address1_line2" type="string" />
      <field displayname="Address 1: Street 3" name="address1_line3" type="string" />
      <field displayname="Address 1: Telephone 2" name="address1_telephone2" type="string" />
      <field displayname="Address 1: Telephone 3" name="address1_telephone3" type="string" />
      <field displayname="Address 1: UPS Zone" name="address1_upszone" type="string" />
      <field displayname="Address 1: UTC Offset" name="address1_utcoffset" type="number" />
      <field displayname="Address 1: ZIP/Postal Code" name="address1_postalcode" type="string" />
      <field displayname="Address 2" name="address2_composite" type="string" />
      <field displayname="Address 2: Address Type" name="address2_addresstypecode" type="optionsetvalue" />
      <field displayname="Address 2: City" name="address2_city" type="string" />
      <field displayname="Address 2: Country/Region" name="address2_country" type="string" />
      <field displayname="Address 2: County" name="address2_county" type="string" />
      <field displayname="Address 2: Fax" name="address2_fax" type="string" />
      <field displayname="Address 2: Freight Terms" name="address2_freighttermscode" type="optionsetvalue" />
      <field displayname="Address 2: ID" name="address2_addressid" type="guid" primaryKey="true" />
      <field displayname="Address 2: Latitude" name="address2_latitude" type="float" />
      <field displayname="Address 2: Longitude" name="address2_longitude" type="float" />
      <field displayname="Address 2: Name" name="address2_name" type="string" />
      <field displayname="Address 2: Post Office Box" name="address2_postofficebox" type="string" />
      <field displayname="Address 2: Primary Contact Name" name="address2_primarycontactname" type="string" />
      <field displayname="Address 2: Shipping Method" name="address2_shippingmethodcode" type="optionsetvalue" />
      <field displayname="Address 2: State/Province" name="address2_stateorprovince" type="string" />
      <field displayname="Address 2: Street 1" name="address2_line1" type="string" />
      <field displayname="Address 2: Street 2" name="address2_line2" type="string" />
      <field displayname="Address 2: Street 3" name="address2_line3" type="string" />
      <field displayname="Address 2: Telephone 1" name="address2_telephone1" type="string" />
      <field displayname="Address 2: Telephone 2" name="address2_telephone2" type="string" />
      <field displayname="Address 2: Telephone 3" name="address2_telephone3" type="string" />
      <field displayname="Address 2: UPS Zone" name="address2_upszone" type="string" />
      <field displayname="Address 2: UTC Offset" name="address2_utcoffset" type="number" />
      <field displayname="Address 2: ZIP/Postal Code" name="address2_postalcode" type="string" />
      <field displayname="Address 3" name="address3_composite" type="string" />
      <field displayname="Address 3: Address Type" name="address3_addresstypecode" type="optionsetvalue" />
      <field displayname="Address 3: City" name="address3_city" type="string" />
      <field displayname="Address 3: County" name="address3_county" type="string" />
      <field displayname="Address 3: Fax" name="address3_fax" type="string" />
      <field displayname="Address 3: Freight Terms" name="address3_freighttermscode" type="optionsetvalue" />
      <field displayname="Address 3: ID" name="address3_addressid" type="guid" primaryKey="true" />
      <field displayname="Address 3: Latitude" name="address3_latitude" type="float" />
      <field displayname="Address 3: Longitude" name="address3_longitude" type="float" />
      <field displayname="Address 3: Name" name="address3_name" type="string" />
      <field displayname="Address 3: Post Office Box" name="address3_postofficebox" type="string" />
      <field displayname="Address 3: Primary Contact Name" name="address3_primarycontactname" type="string" />
      <field displayname="Address 3: Shipping Method" name="address3_shippingmethodcode" type="optionsetvalue" />
      <field displayname="Address 3: Telephone1" name="address3_telephone1" type="string" />
      <field displayname="Address 3: Telephone2" name="address3_telephone2" type="string" />
      <field displayname="Address 3: Telephone3" name="address3_telephone3" type="string" />
      <field displayname="Address 3: UPS Zone" name="address3_upszone" type="string" />
      <field displayname="Address 3: UTC Offset" name="address3_utcoffset" type="number" />
      <field displayname="Address3: Country/Region" name="address3_country" type="string" />
      <field displayname="Address3: State/Province" name="address3_stateorprovince" type="string" />
      <field displayname="Address3: Street 1" name="address3_line1" type="string" />
      <field displayname="Address3: Street 2" name="address3_line2" type="string" />
      <field displayname="Address3: Street 3" name="address3_line3" type="string" />
      <field displayname="Address3: ZIP/Postal Code" name="address3_postalcode" type="string" />
      <field displayname="Aging 30" name="aging30" type="money" />
      <field displayname="Aging 30 (Base)" name="aging30_base" type="money" />
      <field displayname="Aging 60" name="aging60" type="money" />
      <field displayname="Aging 60 (Base)" name="aging60_base" type="money" />
      <field displayname="Aging 90" name="aging90" type="money" />
      <field displayname="Aging 90 (Base)" name="aging90_base" type="money" />
      <field displayname="Anniversary" name="anniversary" type="datetime" />
      <field displayname="Annual Income" name="annualincome" type="money" />
      <field displayname="Annual Income (Base)" name="annualincome_base" type="money" />
      <field displayname="Assistant" name="assistantname" type="string" />
      <field displayname="Assistant Phone" name="assistantphone" type="string" />
      <field displayname="Back Office Customer" name="isbackofficecustomer" type="bool" />
      <field displayname="Birthday" name="birthdate" type="datetime" />
      <field displayname="Business Phone" name="telephone1" type="string" />
      <field displayname="Business Phone 2" name="business2" type="string" />
      <field displayname="Callback Number" name="callback" type="string" />
      <field displayname="Children's Names" name="childrensnames" type="string" />
      <field displayname="Company Name" name="parentcustomerid" type="entityreference" lookupType="account|contact" />
      <field displayname="Company Phone" name="company" type="string" />
      <field displayname="Contact" name="contactid" type="guid" primaryKey="true" />
      <field displayname="Credit Hold" name="creditonhold" type="bool" />
      <field displayname="Credit Limit" name="creditlimit" type="money" />
      <field displayname="Credit Limit (Base)" name="creditlimit_base" type="money" />
      <field displayname="Currency" name="transactioncurrencyid" type="entityreference" lookupType="transactioncurrency" />
      <field displayname="Customer Size" name="customersizecode" type="optionsetvalue" />
      <field displayname="Department" name="department" type="string" />
      <field displayname="Description" name="description" type="string" />
      <field displayname="Do not allow Bulk Emails" name="donotbulkemail" type="bool" />
      <field displayname="Do not allow Bulk Mails" name="donotbulkpostalmail" type="bool" />
      <field displayname="Do not allow Emails" name="donotemail" type="bool" />
      <field displayname="Do not allow Faxes" name="donotfax" type="bool" />
      <field displayname="Do not allow Mails" name="donotpostalmail" type="bool" />
      <field displayname="Do not allow Phone Calls" name="donotphone" type="bool" />
      <field displayname="Education" name="educationcode" type="optionsetvalue" />
      <field displayname="Email" name="emailaddress1" type="string" />
      <field displayname="Email Address 2" name="emailaddress2" type="string" />
      <field displayname="Email Address 3" name="emailaddress3" type="string" />
      <field displayname="Employee" name="employeeid" type="string" />
      <field displayname="Entity Image" name="entityimage" type="imagedata" />
      <field displayname="Entity Image Id" name="entityimageid" type="guid" />
      <field displayname="Exchange Rate" name="exchangerate" type="decimal" />
      <field displayname="External User Identifier" name="externaluseridentifier" type="string" />
      <field displayname="Fax" name="fax" type="string" />
      <field displayname="First Name" name="firstname" type="string" />
      <field displayname="Follow Email Activity" name="followemail" type="bool" />
      <field displayname="FTP Site" name="ftpsiteurl" type="string" />
      <field displayname="Full Name" name="fullname" type="string" />
      <field displayname="Gender" name="gendercode" type="optionsetvalue" />
      <field displayname="Government" name="governmentid" type="string" />
      <field displayname="Has Children" name="haschildrencode" type="optionsetvalue" />
      <field displayname="Home Phone" name="telephone2" type="string" />
      <field displayname="Home Phone 2" name="home2" type="string" />
      <field displayname="Import Sequence Number" name="importsequencenumber" type="number" />
      <field displayname="Job Title" name="jobtitle" type="string" />
      <field displayname="Last Date Included in Campaign" name="lastusedincampaign" type="datetime" />
      <field displayname="Last Name" name="lastname" type="string" />
      <field displayname="Last On Hold Time" name="lastonholdtime" type="datetime" />
      <field displayname="Last SLA applied" name="slainvokedid" type="entityreference" lookupType="sla" />
      <field displayname="Lead Source" name="leadsourcecode" type="optionsetvalue" />
      <field displayname="Manager" name="managername" type="string" />
      <field displayname="Manager Phone" name="managerphone" type="string" />
      <field displayname="Marital Status" name="familystatuscode" type="optionsetvalue" />
      <field displayname="Marketing Only" name="marketingonly" type="bool" />
      <field displayname="Master ID" name="masterid" type="entityreference" lookupType="contact" />
      <field displayname="Merged" name="merged" type="bool" />
      <field displayname="Middle Name" name="middlename" type="string" />
      <field displayname="Mobile Phone" name="mobilephone" type="string" />
      <field displayname="Nickname" name="nickname" type="string" />
      <field displayname="No. of Children" name="numberofchildren" type="number" />
      <field displayname="On Hold Time (Minutes)" name="onholdtime" type="number" />
      <field displayname="Pager" name="pager" type="string" />
      <field displayname="Parent Contact" name="parentcontactid" type="entityreference" lookupType="contact" />
      <field displayname="Participates in Workflow" name="participatesinworkflow" type="bool" />
      <field displayname="Payment Terms" name="paymenttermscode" type="optionsetvalue" />
      <field displayname="Preferred Day" name="preferredappointmentdaycode" type="optionsetvalue" />
      <field displayname="Preferred Method of Contact" name="preferredcontactmethodcode" type="optionsetvalue" />
      <field displayname="Preferred Time" name="preferredappointmenttimecode" type="optionsetvalue" />
      <field displayname="Preferred User" name="preferredsystemuserid" type="entityreference" lookupType="systemuser" />
      <field displayname="Process" name="processid" type="guid" />
      <field displayname="Profile Tier" name="msfsi_profiletier" type="optionsetvalue" customfield="true" />
      <field displayname="Record Created On" name="overriddencreatedon" type="datetime" />
      <field displayname="Relationship Type" name="customertypecode" type="optionsetvalue" />
      <field displayname="Role" name="accountrolecode" type="optionsetvalue" />
      <field displayname="Salutation" name="salutation" type="string" />
      <field displayname="Send Marketing Materials" name="donotsendmm" type="bool" />
      <field displayname="Shipping Method" name="shippingmethodcode" type="optionsetvalue" />
      <field displayname="SLA" name="slaid" type="entityreference" lookupType="sla" />
      <field displayname="Spouse/Partner Name" name="spousesname" type="string" />
      <field displayname="Status" name="statecode" type="state" />
      <field displayname="Status Reason" name="statuscode" type="status" />
      <field displayname="Suffix" name="suffix" type="string" />
      <field displayname="Telephone 3" name="telephone3" type="string" />
      <field displayname="Territory" name="territorycode" type="optionsetvalue" />
      <field displayname="Time Spent by me" name="timespentbymeonemailandmeetings" type="string" />
      <field displayname="Total Claims" name="msfsi_totalclaims" type="money" customfield="true" />
      <field displayname="Total Claims (Base)" name="msfsi_totalclaims_base" type="money" customfield="true" />
      <field displayname="Total Premium" name="msfsi_totalpremium" type="money" customfield="true" />
      <field displayname="Total Premium (Base)" name="msfsi_totalpremium_base" type="money" customfield="true" />
      <field displayname="Website" name="websiteurl" type="string" />
      <field displayname="Yomi First Name" name="yomifirstname" type="string" />
      <field displayname="Yomi Full Name" name="yomifullname" type="string" />
      <field displayname="Yomi Last Name" name="yomilastname" type="string" />
      <field displayname="Yomi Middle Name" name="yomimiddlename" type="string" />
    </fields>
  </entity>
  <entity name="msfsi_agencyinsurancecompany" displayname="Agency Insurance Company" etc="10057" primaryidfield="msfsi_agencyinsurancecompanyid" primarynamefield="msfsi_name" disableplugins="false">
    <fields>
      <field displayname="Agency" name="msfsi_agencyid" type="entityreference" lookupType="msfsi_agency" customfield="true" />
      <field displayname="Agency Insurance Company" name="msfsi_agencyinsurancecompanyid" type="guid" primaryKey="true" />
      <field displayname="Import Sequence Number" name="importsequencenumber" type="number" />
      <field displayname="Insurance Company" name="msfsi_insurancecompanyid" type="entityreference" lookupType="msfsi_insurancecompany" customfield="true" />
      <field displayname="Name" name="msfsi_name" type="string" customfield="true" />
      <field displayname="Record Created On" name="overriddencreatedon" type="datetime" />
      <field displayname="Status" name="statecode" type="state" />
      <field displayname="Status Reason" name="statuscode" type="status" />
      <field displayname="Valid From" name="msfsi_validfrom" type="datetime" customfield="true" />
      <field displayname="Valid To" name="msfsi_validto" type="datetime" customfield="true" />
      <field displayname="Version Number" name="versionnumber" type="bigint" />
      <field displayname="Wallet Share " name="msfsi_walletshare" type="decimal" customfield="true" />
    </fields>
  </entity>
  <entity name="msfsi_agencyproducer" displayname="Agency Producer" etc="10049" primaryidfield="msfsi_agencyproducerid" primarynamefield="msfsi_name" disableplugins="false">
    <fields>
      <field displayname="Agency" name="msfsi_agencyid" type="entityreference" lookupType="msfsi_agency" customfield="true" />
      <field displayname="Agency Producer" name="msfsi_agencyproducerid" type="guid" primaryKey="true" />
      <field displayname="Import Sequence Number" name="importsequencenumber" type="number" />
      <field displayname="Name" name="msfsi_name" type="string" customfield="true" />
      <field displayname="Producer" name="msfsi_producerid" type="entityreference" lookupType="msfsi_producer" customfield="true" />
      <field displayname="Record Created On" name="overriddencreatedon" type="datetime" />
      <field displayname="Status" name="statecode" type="state" />
      <field displayname="Status Reason" name="statuscode" type="status" />
      <field displayname="Valid From" name="msfsi_validfrom" type="datetime" customfield="true" />
      <field displayname="Valid To" name="msfsi_validto" type="datetime" customfield="true" />
      <field displayname="Version Number" name="versionnumber" type="bigint" />
    </fields>
  </entity>
  <entity name="msfsi_alert" displayname="Alert" etc="10062" primaryidfield="activityid" primarynamefield="subject" disableplugins="false">
    <fields>
      <field displayname="(Deprecated) Process Stage" name="stageid" type="guid" />
      <field displayname="(Deprecated) Traversed Path" name="traversedpath" type="string" />
      <field displayname="Activity" name="activityid" type="guid" primaryKey="true" />
      <field displayname="Activity Additional Parameters" name="activityadditionalparams" type="string" />
      <field displayname="Activity Status" name="statecode" type="state" />
      <field displayname="Activity Type" name="activitytypecode" type="string" />
      <field displayname="Actual Duration" name="actualdurationminutes" type="number" />
      <field displayname="Actual End" name="actualend" type="datetime" />
      <field displayname="Actual Start" name="actualstart" type="datetime" />
      <field displayname="BCC" name="bcc" type="partylist" />
      <field displayname="CC" name="cc" type="partylist" />
      <field displayname="Created By" name="createdby" type="entityreference" lookupType="systemuser" />
      <field displayname="Created By (Delegate)" name="createdonbehalfby" type="entityreference" lookupType="systemuser" />
      <field displayname="Currency" name="transactioncurrencyid" type="entityreference" lookupType="transactioncurrency" />
      <field displayname="Customers" name="customers" type="partylist" />
      <field displayname="Date Delivery Last Attempted" name="deliverylastattemptedon" type="datetime" />
      <field displayname="Date Sent" name="senton" type="datetime" />
      <field displayname="Delay activity processing until" name="postponeactivityprocessinguntil" type="datetime" />
      <field displayname="Delivery Priority" name="deliveryprioritycode" type="optionsetvalue" />
      <field displayname="Description" name="description" type="string" />
      <field displayname="Due Date" name="scheduledend" type="datetime" />
      <field displayname="Exchange Item ID" name="exchangeitemid" type="string" />
      <field displayname="Exchange Rate" name="exchangerate" type="decimal" />
      <field displayname="Exchange WebLink" name="exchangeweblink" type="string" />
      <field displayname="From" name="from" type="partylist" />
      <field displayname="Import Sequence Number" name="importsequencenumber" type="number" />
      <field displayname="Is Billed" name="isbilled" type="bool" />
      <field displayname="Is Private" name="ismapiprivate" type="bool" />
      <field displayname="Is Regular Activity" name="isregularactivity" type="bool" />
      <field displayname="Is Workflow Created" name="isworkflowcreated" type="bool" />
      <field displayname="Last On Hold Time" name="lastonholdtime" type="datetime" />
      <field displayname="Last SLA applied" name="slainvokedid" type="entityreference" lookupType="sla" />
      <field displayname="Last Updated" name="modifiedon" type="datetime" />
      <field displayname="Left Voice Mail" name="leftvoicemail" type="bool" />
      <field displayname="On Hold Time (Minutes)" name="onholdtime" type="number" />
      <field displayname="Optional Attendees" name="optionalattendees" type="partylist" />
      <field displayname="Organizer" name="organizer" type="partylist" />
      <field displayname="Outsource Vendors" name="partners" type="partylist" />
      <field displayname="Priority" name="prioritycode" type="optionsetvalue" />
      <field displayname="Process" name="processid" type="guid" />
      <field displayname="Record Created On" name="overriddencreatedon" type="datetime" />
      <field displayname="Recurring Instance Type" name="instancetypecode" type="optionsetvalue" />
      <field displayname="Regarding" name="regardingobjectid" type="entityreference" lookupType="account|contact|interactionforemail|knowledgearticle|knowledgebaserecord|msfsi_claim|msfsi_insurancepolicy" />
      <field displayname="Required Attendees" name="requiredattendees" type="partylist" />
      <field displayname="Resources" name="resources" type="partylist" />
      <field displayname="Scheduled Duration" name="scheduleddurationminutes" type="number" />
      <field displayname="Sender's Mailbox" name="sendermailboxid" type="entityreference" lookupType="mailbox" />
      <field displayname="Series Id" name="seriesid" type="guid" />
      <field displayname="SLA" name="slaid" type="entityreference" lookupType="sla" />
      <field displayname="Social Channel" name="community" type="optionsetvalue" />
      <field displayname="Sort Date" name="sortdate" type="datetime" />
      <field displayname="Start Date" name="scheduledstart" type="datetime" />
      <field displayname="Status Reason" name="statuscode" type="status" />
      <field displayname="Subject" name="subject" type="string" />
      <field displayname="To" name="to" type="partylist" />
      <field displayname="Version Number" name="versionnumber" type="bigint" />
    </fields>
  </entity>
  <entity name="appointment" displayname="Appointment" etc="4201" primaryidfield="activityid" primarynamefield="subject" disableplugins="false">
    <fields>
      <field displayname="Activity Type" name="activitytypecode" type="string" />
      <field displayname="Actual Duration" name="actualdurationminutes" type="number" />
      <field displayname="Actual End" name="actualend" type="datetime" />
      <field displayname="Actual Start" name="actualstart" type="datetime" />
      <field displayname="All Day Event" name="isalldayevent" type="bool" />
      <field displayname="Appointment" name="activityid" type="guid" primaryKey="true" />
      <field displayname="Appointment Type" name="instancetypecode" type="optionsetvalue" />
      <field displayname="Attachment Count" name="attachmentcount" type="number" />
      <field displayname="AttachmentErrors" name="attachmenterrors" type="optionsetvalue" />
      <field displayname="Category" name="category" type="string" />
      <field displayname="Currency" name="transactioncurrencyid" type="entityreference" lookupType="transactioncurrency" />
      <field displayname="Description" name="description" type="string" />
      <field displayname="Duration" name="scheduleddurationminutes" type="number" />
      <field displayname="End Time" name="scheduledend" type="datetime" />
      <field displayname="Exchange Rate" name="exchangerate" type="decimal" />
      <field displayname="Import Sequence Number" name="importsequencenumber" type="number" />
      <field displayname="Is Billed" name="isbilled" type="bool" />
      <field displayname="Is Private" name="ismapiprivate" type="bool" />
      <field displayname="Is Regular Activity" name="isregularactivity" type="bool" />
      <field displayname="Is Workflow Created" name="isworkflowcreated" type="bool" />
      <field displayname="Last On Hold Time" name="lastonholdtime" type="datetime" />
      <field displayname="Last SLA applied" name="slainvokedid" type="entityreference" lookupType="sla" />
      <field displayname="Location" name="location" type="string" />
      <field displayname="On Hold Time (Minutes)" name="onholdtime" type="number" />
      <field displayname="Optional Attendees" name="optionalattendees" type="partylist" />
      <field displayname="Organizer" name="organizer" type="partylist" />
      <field displayname="Original Start Date" name="originalstartdate" type="datetime" />
      <field displayname="Outlook Appointment" name="globalobjectid" type="string" />
      <field displayname="Outlook Appointment Owner" name="outlookownerapptid" type="number" />
      <field displayname="Priority" name="prioritycode" type="optionsetvalue" />
      <field displayname="Process" name="processid" type="guid" />
      <field displayname="Record Created On" name="overriddencreatedon" type="datetime" />
      <field displayname="Regarding" name="regardingobjectid" type="entityreference" lookupType="account|contact|knowledgearticle|knowledgebaserecord|msfsi_claim|msfsi_insurancepolicy" />
      <field displayname="Required Attendees" name="requiredattendees" type="partylist" />
      <field displayname="SLA" name="slaid" type="entityreference" lookupType="sla" />
      <field displayname="Sort Date" name="sortdate" type="datetime" />
      <field displayname="Start Time" name="scheduledstart" type="datetime" />
      <field displayname="Status" name="statecode" type="state" />
      <field displayname="Status Reason" name="statuscode" type="status" />
      <field displayname="Sub-Category" name="subcategory" type="string" />
      <field displayname="Subject" name="subject" type="string" />
      <field displayname="UTC Conversion Time Zone Code" name="utcconversiontimezonecode" type="number" />
    </fields>
  </entity>
  <entity name="msfsi_claim" displayname="Claim" etc="10052" primaryidfield="msfsi_claimid" primarynamefield="msfsi_name" disableplugins="false">
    <fields>
      <field displayname="Amount Adjuster Submitted" name="msfsi_amountadjustersubmitted" type="money" customfield="true" />
      <field displayname="Amount Adjuster Submitted (Base)" name="msfsi_amountadjustersubmitted_base" type="money" customfield="true" />
      <field displayname="Amount Paid" name="msfsi_amountpaid" type="money" customfield="true" />
      <field displayname="Amount Paid (Base)" name="msfsi_amountpaid_base" type="money" customfield="true" />
      <field displayname="Amount Requested" name="msfsi_amountrequested" type="money" customfield="true" />
      <field displayname="Amount Requested (Base)" name="msfsi_amountrequested_base" type="money" customfield="true" />
      <field displayname="Assessment Date" name="msfsi_assessmentdate" type="datetime" customfield="true" />
      <field displayname="Claim" name="msfsi_claimid" type="guid" primaryKey="true" />
      <field displayname="Claim Number" name="msfsi_claimnumber" type="string" customfield="true" />
      <field displayname="Claims Adjuster Assigned" name="msfsi_claimsadjusterassigned" type="entityreference" lookupType="contact" customfield="true" />
      <field displayname="Currency" name="transactioncurrencyid" type="entityreference" lookupType="transactioncurrency" />
      <field displayname="Date of Loss" name="msfsi_dateofloss" type="datetime" customfield="true" />
      <field displayname="Description" name="msfsi_description" type="string" customfield="true" />
      <field displayname="Exchange Rate" name="exchangerate" type="decimal" />
      <field displayname="First Notice of Loss Date" name="msfsi_firstnoticeoflossdate" type="datetime" customfield="true" />
      <field displayname="Import Sequence Number" name="importsequencenumber" type="number" />
      <field displayname="Insurance Policy" name="msfsi_insurancepolicyid" type="entityreference" lookupType="msfsi_insurancepolicy" customfield="true" />
      <field displayname="Name" name="msfsi_name" type="string" customfield="true" />
      <field displayname="Record Created On" name="overriddencreatedon" type="datetime" />
      <field displayname="Rejection Reason" name="msfsi_rejectionreason" type="string" customfield="true" />
      <field displayname="Reporting Channel" name="msfsi_reportingchannel" type="optionsetvalue" customfield="true" />
      <field displayname="Resolved Date" name="msfsi_resolveddate" type="datetime" customfield="true" />
      <field displayname="Resolved State" name="msfsi_resolvedstate" type="optionsetvalue" customfield="true" />
      <field displayname="Status" name="statecode" type="state" />
      <field displayname="Status Reason" name="statuscode" type="status" />
      <field displayname="Type" name="msfsi_type" type="optionsetvalue" customfield="true" />
      <field displayname="Version Number" name="versionnumber" type="bigint" />
    </fields>
  </entity>
  <entity name="msfsi_claimcontact" displayname="Claim Contact" etc="10038" primaryidfield="msfsi_claimcontactid" primarynamefield="msfsi_name" disableplugins="false">
    <fields>
      <field displayname="Claim" name="msfsi_claimid" type="entityreference" lookupType="msfsi_claim" customfield="true" />
      <field displayname="Claim Contact" name="msfsi_claimcontactid" type="guid" primaryKey="true" />
      <field displayname="Contact" name="msfsi_contactid" type="entityreference" lookupType="account|contact" customfield="true" />
      <field displayname="Import Sequence Number" name="importsequencenumber" type="number" />
      <field displayname="Name" name="msfsi_name" type="string" customfield="true" />
      <field displayname="Record Created On" name="overriddencreatedon" type="datetime" />
      <field displayname="Role" name="msfsi_role" type="optionsetvaluecollection" customfield="true" />
      <field displayname="Status" name="statecode" type="state" />
      <field displayname="Status Reason" name="statuscode" type="status" />
      <field displayname="Version Number" name="versionnumber" type="bigint" />
    </fields>
  </entity>
  <entity name="msfsi_claimdocument" displayname="Claim Document" etc="10053" primaryidfield="msfsi_claimdocumentid" primarynamefield="msfsi_name" disableplugins="false">
    <fields>
      <field displayname="Claim" name="msfsi_claimid" type="entityreference" lookupType="msfsi_claim" customfield="true" />
      <field displayname="Claim Document" name="msfsi_claimdocumentid" type="guid" primaryKey="true" />
      <field displayname="Customer" name="msfsi_customer" type="entityreference" lookupType="account|contact" customfield="true" />
      <field displayname="Description" name="msfsi_description" type="string" customfield="true" />
      <field displayname="Image" name="msfsi_image" type="imagedata" customfield="true" />
      <field displayname="Import Sequence Number" name="importsequencenumber" type="number" />
      <field displayname="Name" name="msfsi_name" type="string" customfield="true" />
      <field displayname="Status" name="statecode" type="state" />
      <field displayname="Status Reason" name="statuscode" type="status" />
      <field displayname="Type" name="msfsi_type" type="optionsetvalue" customfield="true" />
      <field displayname="Version Number" name="versionnumber" type="bigint" />
    </fields>
  </entity>
  <entity name="msfsi_claimstatus" displayname="Claim Status" etc="10058" primaryidfield="activityid" primarynamefield="subject" disableplugins="false">
    <fields>
      <field displayname="Activity" name="activityid" type="guid" primaryKey="true" />
      <field displayname="Activity Additional Parameters" name="activityadditionalparams" type="string" />
      <field displayname="Activity Status" name="statecode" type="state" />
      <field displayname="Activity Type" name="activitytypecode" type="string" />
      <field displayname="Actual Duration" name="actualdurationminutes" type="number" />
      <field displayname="Actual End" name="actualend" type="datetime" />
      <field displayname="Actual Start" name="actualstart" type="datetime" />
      <field displayname="BCC" name="bcc" type="partylist" />
      <field displayname="CC" name="cc" type="partylist" />
      <field displayname="Claim" name="msfsi_claimid" type="entityreference" lookupType="msfsi_claim" customfield="true" />
      <field displayname="Claim Status" name="msfsi_claimstatus" type="optionsetvalue" customfield="true" />
      <field displayname="Currency" name="transactioncurrencyid" type="entityreference" lookupType="transactioncurrency" />
      <field displayname="Customers" name="customers" type="partylist" />
      <field displayname="Date Delivery Last Attempted" name="deliverylastattemptedon" type="datetime" />
      <field displayname="Date Sent" name="senton" type="datetime" />
      <field displayname="Delay activity processing until" name="postponeactivityprocessinguntil" type="datetime" />
      <field displayname="Delivery Priority" name="deliveryprioritycode" type="optionsetvalue" />
      <field displayname="Description" name="msfsi_description" type="string" customfield="true" />
      <field displayname="Description" name="description" type="string" />
      <field displayname="Due Date" name="scheduledend" type="datetime" />
      <field displayname="Exchange Item ID" name="exchangeitemid" type="string" />
      <field displayname="Exchange Rate" name="exchangerate" type="decimal" />
      <field displayname="Exchange WebLink" name="exchangeweblink" type="string" />
      <field displayname="From" name="from" type="partylist" />
      <field displayname="Import Sequence Number" name="importsequencenumber" type="number" />
      <field displayname="Is Billed" name="isbilled" type="bool" />
      <field displayname="Is Private" name="ismapiprivate" type="bool" />
      <field displayname="Is Regular Activity" name="isregularactivity" type="bool" />
      <field displayname="Is Workflow Created" name="isworkflowcreated" type="bool" />
      <field displayname="Last On Hold Time" name="lastonholdtime" type="datetime" />
      <field displayname="Last SLA applied" name="slainvokedid" type="entityreference" lookupType="sla" />
      <field displayname="Last Updated" name="modifiedon" type="datetime" />
      <field displayname="Left Voice Mail" name="leftvoicemail" type="bool" />
      <field displayname="On Hold Time (Minutes)" name="onholdtime" type="number" />
      <field displayname="Optional Attendees" name="optionalattendees" type="partylist" />
      <field displayname="Organizer" name="organizer" type="partylist" />
      <field displayname="Outsource Vendors" name="partners" type="partylist" />
      <field displayname="Owning Business Unit" name="owningbusinessunit" type="entityreference" lookupType="businessunit" />
      <field displayname="Owning Team" name="owningteam" type="entityreference" lookupType="team" />
      <field displayname="Owning User" name="owninguser" type="entityreference" lookupType="systemuser" />
      <field displayname="Priority" name="prioritycode" type="optionsetvalue" />
      <field displayname="Process" name="processid" type="guid" />
      <field displayname="Record Created On" name="overriddencreatedon" type="datetime" />
      <field displayname="Recurring Instance Type" name="instancetypecode" type="optionsetvalue" />
      <field displayname="Regarding" name="regardingobjectid" type="entityreference" lookupType="account|contact|interactionforemail|knowledgearticle|knowledgebaserecord|msfsi_claim|msfsi_insurancepolicy" />
      <field displayname="Required Attendees" name="requiredattendees" type="partylist" />
      <field displayname="Resources" name="resources" type="partylist" />
      <field displayname="Scheduled Duration" name="scheduleddurationminutes" type="number" />
      <field displayname="Sender's Mailbox" name="sendermailboxid" type="entityreference" lookupType="mailbox" />
      <field displayname="Series Id" name="seriesid" type="guid" />
      <field displayname="SLA" name="slaid" type="entityreference" lookupType="sla" />
      <field displayname="Social Channel" name="community" type="optionsetvalue" />
      <field displayname="Sort Date" name="sortdate" type="datetime" />
      <field displayname="Start Date" name="scheduledstart" type="datetime" />
      <field displayname="Status Reason" name="statuscode" type="status" />
      <field displayname="Subject" name="subject" type="string" />
      <field displayname="To" name="to" type="partylist" />
      <field displayname="Valid From" name="msfsi_validfrom" type="datetime" customfield="true" />
      <field displayname="Valid To" name="msfsi_validto" type="datetime" customfield="true" />
      <field displayname="Version Number" name="versionnumber" type="bigint" />
    </fields>
  </entity>
  <entity name="connection" displayname="Connection" etc="3234" primaryidfield="connectionid" primarynamefield="name" disableplugins="false">
    <fields>
      <field displayname="Connected From" name="record1id" type="entityreference" lookupType="account|activitypointer|appointment|channelaccessprofilerule|contact|email|fax|goal|knowledgearticle|knowledgebaserecord|letter|msfsi_alert|msfsi_claimstatus|phonecall|position|processsession|recurringappointmentmaster|socialactivity|socialprofile|systemuser|task|team|territory" />
      <field displayname="Connected To" name="record2id" type="entityreference" lookupType="account|activitypointer|appointment|channelaccessprofilerule|contact|email|fax|goal|knowledgearticle|knowledgebaserecord|letter|msfsi_alert|msfsi_claimstatus|phonecall|position|processsession|recurringappointmentmaster|socialactivity|socialprofile|systemuser|task|team|territory" />
      <field displayname="Connection" name="connectionid" type="guid" primaryKey="true" />
      <field displayname="Connection Name" name="name" type="string" />
      <field displayname="Currency" name="transactioncurrencyid" type="entityreference" lookupType="transactioncurrency" />
      <field displayname="Description" name="description" type="string" />
      <field displayname="Ending" name="effectiveend" type="datetime" />
      <field displayname="Entity Image" name="entityimage" type="imagedata" />
      <field displayname="Entity Image Id" name="entityimageid" type="guid" />
      <field displayname="Exchange Rate" name="exchangerate" type="decimal" />
      <field displayname="Import Sequence Number" name="importsequencenumber" type="number" />
      <field displayname="Is Master" name="ismaster" type="bool" />
      <field displayname="Reciprocal Connection" name="relatedconnectionid" type="entityreference" lookupType="connection" />
      <field displayname="Role (From)" name="record1roleid" type="entityreference" lookupType="connectionrole" />
      <field displayname="Role (To)" name="record2roleid" type="entityreference" lookupType="connectionrole" />
      <field displayname="Starting" name="effectivestart" type="datetime" />
      <field displayname="Status" name="statecode" type="state" />
      <field displayname="Status Reason" name="statuscode" type="status" />
    </fields>
  </entity>
  <entity name="msfsi_coverage" displayname="Coverage" etc="10054" primaryidfield="msfsi_coverageid" primarynamefield="msfsi_name" disableplugins="false">
    <fields>
      <field displayname="Coverage" name="msfsi_coverageid" type="guid" primaryKey="true" />
      <field displayname="Currency" name="transactioncurrencyid" type="entityreference" lookupType="transactioncurrency" />
      <field displayname="Deductible Amount" name="msfsi_deductibleamount" type="money" customfield="true" />
      <field displayname="Deductible Amount (Base)" name="msfsi_deductibleamount_base" type="money" customfield="true" />
      <field displayname="Description" name="msfsi_description" type="string" customfield="true" />
      <field displayname="Discount Amount" name="msfsi_discountamount" type="money" customfield="true" />
      <field displayname="Discount Amount (Base)" name="msfsi_discountamount_base" type="money" customfield="true" />
      <field displayname="Discount Percent" name="msfsi_discountpercent" type="decimal" customfield="true" />
      <field displayname="Exchange Rate" name="exchangerate" type="decimal" />
      <field displayname="Import Sequence Number" name="importsequencenumber" type="number" />
      <field displayname="Insurance Policy" name="msfsi_insurancepolicyid" type="entityreference" lookupType="msfsi_insurancepolicy" customfield="true" />
      <field displayname="Limit Amount" name="msfsi_limitamount" type="money" customfield="true" />
      <field displayname="Limit Amount (Base)" name="msfsi_limitamount_base" type="money" customfield="true" />
      <field displayname="Limit Each Occurrence" name="msfsi_limiteachoccurrence" type="money" customfield="true" />
      <field displayname="Limit Each Occurrence (Base)" name="msfsi_limiteachoccurrence_base" type="money" customfield="true" />
      <field displayname="Limit Each Person" name="msfsi_limiteachperson" type="money" customfield="true" />
      <field displayname="Limit Each Person (Base)" name="msfsi_limiteachperson_base" type="money" customfield="true" />
      <field displayname="Name" name="msfsi_name" type="string" customfield="true" />
      <field displayname="Premium Amount" name="msfsi_premiumamount" type="money" customfield="true" />
      <field displayname="Premium Amount (Base)" name="msfsi_premiumamount_base" type="money" customfield="true" />
      <field displayname="Record Created On" name="overriddencreatedon" type="datetime" />
      <field displayname="Status" name="statecode" type="state" />
      <field displayname="Status Reason" name="statuscode" type="status" />
      <field displayname="Type" name="msfsi_type" type="optionsetvalue" customfield="true" />
      <field displayname="Valid From" name="msfsi_validfrom" type="datetime" customfield="true" />
      <field displayname="Valid To" name="msfsi_validto" type="datetime" customfield="true" />
      <field displayname="Version Number" name="versionnumber" type="bigint" />
    </fields>
  </entity>
  <entity name="msfsi_insurancepolicycustomer" displayname="Customer Insurance Policy" etc="10037" primaryidfield="msfsi_insurancepolicycustomerid" primarynamefield="msfsi_name" disableplugins="false">
    <fields>
      <field displayname="Beneficiary Percentage" name="msfsi_beneficiarypercentage" type="decimal" customfield="true" />
      <field displayname="Customer" name="msfsi_customerid" type="entityreference" lookupType="account|contact" customfield="true" />
      <field displayname="Import Sequence Number" name="importsequencenumber" type="number" />
      <field displayname="Insurance Policy" name="msfsi_insurancepolicyid" type="entityreference" lookupType="msfsi_insurancepolicy" customfield="true" />
      <field displayname="Insurance Policy Customer" name="msfsi_insurancepolicycustomerid" type="guid" primaryKey="true" />
      <field displayname="Name" name="msfsi_name" type="string" customfield="true" />
      <field displayname="Profile" name="msfsi_profile" type="optionsetvaluecollection" customfield="true" />
      <field displayname="Role" name="msfsi_role" type="optionsetvaluecollection" customfield="true" />
      <field displayname="Status" name="statecode" type="state" />
      <field displayname="Status Reason" name="statuscode" type="status" />
      <field displayname="Valid From" name="msfsi_validfrom" type="datetime" customfield="true" />
      <field displayname="Valid To" name="msfsi_validto" type="datetime" customfield="true" />
      <field displayname="Version Number" name="versionnumber" type="bigint" />
    </fields>
  </entity>
  <entity name="msfsi_endorsement" displayname="Endorsement" etc="10043" primaryidfield="msfsi_endorsementid" primarynamefield="msfsi_name" disableplugins="false">
    <fields>
      <field displayname="Date Change is Effective" name="msfsi_datechangeiseffective" type="datetime" customfield="true" />
      <field displayname="Description" name="msfsi_description" type="string" customfield="true" />
      <field displayname="Endorsement" name="msfsi_endorsementid" type="guid" primaryKey="true" />
      <field displayname="Import Sequence Number" name="importsequencenumber" type="number" />
      <field displayname="Insurance Policy" name="msfsi_insurancepolicyid" type="entityreference" lookupType="msfsi_insurancepolicy" customfield="true" />
      <field displayname="Name" name="msfsi_name" type="string" customfield="true" />
      <field displayname="Record Created On" name="overriddencreatedon" type="datetime" />
      <field displayname="Status" name="statecode" type="state" />
      <field displayname="Status Reason" name="statuscode" type="status" />
      <field displayname="Version Number" name="versionnumber" type="bigint" />
    </fields>
  </entity>
  <entity name="msfsi_exclusion" displayname="Exclusion" etc="10042" primaryidfield="msfsi_exclusionid" primarynamefield="msfsi_name" disableplugins="false">
    <fields>
      <field displayname="Coverage" name="msfsi_coverageid" type="entityreference" lookupType="msfsi_coverage" customfield="true" />
      <field displayname="Description" name="msfsi_description" type="string" customfield="true" />
      <field displayname="Exclusion" name="msfsi_exclusionid" type="guid" primaryKey="true" />
      <field displayname="Import Sequence Number" name="importsequencenumber" type="number" />
      <field displayname="Name" name="msfsi_name" type="string" customfield="true" />
      <field displayname="Record Created On" name="overriddencreatedon" type="datetime" />
      <field displayname="Status" name="statecode" type="state" />
      <field displayname="Status Reason" name="statuscode" type="status" />
      <field displayname="Valid From" name="msfsi_validfrom" type="datetime" customfield="true" />
      <field displayname="Valid To" name="msfsi_validto" type="datetime" customfield="true" />
      <field displayname="Version Number" name="versionnumber" type="bigint" />
    </fields>
  </entity>
  <entity name="msfsi_insurancecompany" displayname="Insurance Company" etc="10055" primaryidfield="msfsi_insurancecompanyid" primarynamefield="msfsi_name" disableplugins="false">
    <fields>
      <field displayname="Account" name="msfsi_accountid" type="entityreference" lookupType="account" customfield="true" />
      <field displayname="Business Start Year" name="msfsi_businessstartyear" type="number" customfield="true" />
      <field displayname="Import Sequence Number" name="importsequencenumber" type="number" />
      <field displayname="Insurance Company" name="msfsi_insurancecompanyid" type="guid" primaryKey="true" />
      <field displayname="Name" name="msfsi_name" type="string" customfield="true" />
      <field displayname="Primary Line of Business" name="msfsi_primarylineofbusiness" type="optionsetvalue" customfield="true" />
      <field displayname="Record Created On" name="overriddencreatedon" type="datetime" />
      <field displayname="Status" name="statecode" type="state" />
      <field displayname="Status Reason" name="statuscode" type="status" />
      <field displayname="Version Number" name="versionnumber" type="bigint" />
    </fields>
  </entity>
  <entity name="msfsi_insurancepolicy" displayname="Insurance Policy" etc="10039" primaryidfield="msfsi_insurancepolicyid" primarynamefield="msfsi_name" disableplugins="false">
    <fields>
      <field displayname="Cancellation Date" name="msfsi_cancellationdate" type="datetime" customfield="true" />
      <field displayname="Cancellation Reason" name="msfsi_cancellationreason" type="string" customfield="true" />
      <field displayname="Currency" name="transactioncurrencyid" type="entityreference" lookupType="transactioncurrency" />
      <field displayname="Exchange Rate" name="exchangerate" type="decimal" />
      <field displayname="Import Sequence Number" name="importsequencenumber" type="number" />
      <field displayname="Insurance Company" name="msfsi_insurancecompanyid" type="entityreference" lookupType="msfsi_insurancecompany" customfield="true" />
      <field displayname="Insurance Policy" name="msfsi_insurancepolicyid" type="guid" primaryKey="true" />
      <field displayname="Insurance Policy Number" name="msfsi_insurancepolicynumber" type="string" customfield="true" />
      <field displayname="Last Payment Date" name="msfsi_lastpaymentdate" type="datetime" customfield="true" />
      <field displayname="Last Renewal Date" name="msfsi_lastrenewaldate" type="datetime" customfield="true" />
      <field displayname="Name" name="msfsi_name" type="string" customfield="true" />
      <field displayname="Paid Premium" name="msfsi_paidpremium" type="money" customfield="true" />
      <field displayname="Paid Premium (Base)" name="msfsi_paidpremium_base" type="money" customfield="true" />
      <field displayname="Payment Due Date " name="msfsi_paymentduedate" type="datetime" customfield="true" />
      <field displayname="Policy Status" name="msfsi_policystatus" type="optionsetvalue" customfield="true" />
      <field displayname="Premium Adjustment" name="msfsi_premiumadjustment" type="money" customfield="true" />
      <field displayname="Premium Adjustment (Base)" name="msfsi_premiumadjustment_base" type="money" customfield="true" />
      <field displayname="Premium Frequency" name="msfsi_premiumfrequency" type="optionsetvalue" customfield="true" />
      <field displayname="Premium Over Term" name="msfsi_premiumoverterm" type="money" customfield="true" />
      <field displayname="Premium Over Term (Base)" name="msfsi_premiumoverterm_base" type="money" customfield="true" />
      <field displayname="Record Created On" name="overriddencreatedon" type="datetime" />
      <field displayname="Status" name="statecode" type="state" />
      <field displayname="Status Reason" name="statuscode" type="status" />
      <field displayname="Type" name="msfsi_type" type="optionsetvalue" customfield="true" />
      <field displayname="Version Number" name="versionnumber" type="bigint" />
      <field displayname="Effective Date" name="msfsi_effectivedate" type="datetime" customfield="true" />
    </fields>
  </entity>
  <entity name="msfsi_insurancepolicyagency" displayname="Insurance Policy Agency" etc="10047" primaryidfield="msfsi_insurancepolicyagencyid" primarynamefield="msfsi_name" disableplugins="false">
    <fields>
      <field displayname="Agency" name="msfsi_agencyid" type="entityreference" lookupType="msfsi_agency" customfield="true" />
      <field displayname="Agency Commission" name="msfsi_agencycommission" type="decimal" customfield="true" />
      <field displayname="Import Sequence Number" name="importsequencenumber" type="number" />
      <field displayname="Insurance Policy" name="msfsi_insurancepolicyid" type="entityreference" lookupType="msfsi_insurancepolicy" customfield="true" />
      <field displayname="Insurance Policy Agency" name="msfsi_insurancepolicyagencyid" type="guid" primaryKey="true" />
      <field displayname="Name" name="msfsi_name" type="string" customfield="true" />
      <field displayname="Status" name="statecode" type="state" />
      <field displayname="Status Reason" name="statuscode" type="status" />
      <field displayname="Valid From" name="msfsi_validfrom" type="datetime" customfield="true" />
      <field displayname="Valid To" name="msfsi_validto" type="datetime" customfield="true" />
      <field displayname="Version Number" name="versionnumber" type="bigint" />
    </fields>
  </entity>
  <entity name="msfsi_insurancepolicyproducer" displayname="Insurance Policy Producer" etc="10045" primaryidfield="msfsi_insurancepolicyproducerid" primarynamefield="msfsi_name" disableplugins="false">
    <fields>
      <field displayname="Import Sequence Number" name="importsequencenumber" type="number" />
      <field displayname="Insurance Policy" name="msfsi_insurancepolicyid" type="entityreference" lookupType="msfsi_insurancepolicy" customfield="true" />
      <field displayname="Insurance Policy Producer ID" name="msfsi_insurancepolicyproducerid" type="guid" primaryKey="true" />
      <field displayname="Name" name="msfsi_name" type="string" customfield="true" />
      <field displayname="Producer" name="msfsi_producerid" type="entityreference" lookupType="msfsi_producer" customfield="true" />
      <field displayname="Producer Commission" name="msfsi_producercommission" type="decimal" customfield="true" />
      <field displayname="Record Created On" name="overriddencreatedon" type="datetime" />
      <field displayname="Status" name="statecode" type="state" />
      <field displayname="Status Reason" name="statuscode" type="status" />
      <field displayname="Valid From" name="msfsi_validfrom" type="datetime" customfield="true" />
      <field displayname="Valid To" name="msfsi_validto" type="datetime" customfield="true" />
      <field displayname="Version Number" name="versionnumber" type="bigint" />
    </fields>
  </entity>
  <entity name="msfsi_insurancepolicyproduct" displayname="Insurance Product" etc="10044" primaryidfield="msfsi_insurancepolicyproductid" primarynamefield="msfsi_name" disableplugins="false">
    <fields>
      <field displayname="Import Sequence Number" name="importsequencenumber" type="number" />
      <field displayname="Insurance Policy" name="msfsi_insurancepolicyid" type="entityreference" lookupType="msfsi_insurancepolicy" customfield="true" />
      <field displayname="Insurance Policy Product" name="msfsi_insurancepolicyproductid" type="guid" primaryKey="true" />
      <field displayname="Name" name="msfsi_name" type="string" customfield="true" />
      <field displayname="Status" name="statecode" type="state" />
      <field displayname="Status Reason" name="statuscode" type="status" />
      <field displayname="Type" name="msfsi_type" type="optionsetvaluecollection" customfield="true" />
      <field displayname="Valid From" name="msfsi_validfrom" type="datetime" customfield="true" />
      <field displayname="Valid To" name="msfsi_validto" type="datetime" customfield="true" />
      <field displayname="Version Number" name="versionnumber" type="bigint" />
    </fields>
  </entity>
  <entity name="msfsi_insuredasset" displayname="Insured Asset" etc="10050" primaryidfield="msfsi_insuredassetid" primarynamefield="msfsi_name" disableplugins="false">
    <fields>
      <field displayname="Annual Distance Driven" name="msfsi_annualdistancedriven" type="number" customfield="true" />
      <field displayname="Area Usage Type" name="msfsi_areausagetype" type="optionsetvalue" customfield="true" />
      <field displayname="Asset  Description" name="msfsi_assetdescription" type="string" customfield="true" />
      <field displayname="Asset Type" name="msfsi_assettype" type="optionsetvalue" customfield="true" />
      <field displayname="City" name="msfsi_city" type="string" customfield="true" />
      <field displayname="Country/Region" name="msfsi_countryregion" type="string" customfield="true" />
      <field displayname="Cubic Capacity" name="msfsi_cubiccapacity" type="string" customfield="true" />
      <field displayname="Currency" name="transactioncurrencyid" type="entityreference" lookupType="transactioncurrency" />
      <field displayname="Date of Registration" name="msfsi_dateofregistration" type="datetime" customfield="true" />
      <field displayname="Description" name="msfsi_description" type="string" customfield="true" />
      <field displayname="Distance Units" name="msfsi_distanceunits" type="optionsetvalue" customfield="true" />
      <field displayname="Exchange Rate" name="exchangerate" type="decimal" />
      <field displayname="Fair Market Value" name="msfsi_fairmarketvalue" type="money" customfield="true" />
      <field displayname="Fair Market Value (Base)" name="msfsi_fairmarketvalue_base" type="money" customfield="true" />
      <field displayname="Import Sequence Number" name="importsequencenumber" type="number" />
      <field displayname="Insurance Policy" name="msfsi_insurancepolicyid" type="entityreference" lookupType="msfsi_insurancepolicy" customfield="true" />
      <field displayname="Insured Asset" name="msfsi_insuredassetid" type="guid" primaryKey="true" />
      <field displayname="Land Area US Acres" name="msfsi_landareausacres" type="decimal" customfield="true" />
      <field displayname="Lienholders" name="msfsi_lienholders" type="string" customfield="true" />
      <field displayname="Location of Registration" name="msfsi_locationofregistration" type="string" customfield="true" />
      <field displayname="Make" name="msfsi_make" type="string" customfield="true" />
      <field displayname="Model" name="msfsi_model" type="string" customfield="true" />
      <field displayname="Model Year" name="msfsi_modelyear" type="string" customfield="true" />
      <field displayname="Name" name="msfsi_name" type="string" customfield="true" />
      <field displayname="Number of Floors" name="msfsi_numberoffloors" type="number" customfield="true" />
      <field displayname="Number of Garage Spaces" name="msfsi_numberofgaragespaces" type="number" customfield="true" />
      <field displayname="Number of Rooms" name="msfsi_numberofrooms" type="number" customfield="true" />
      <field displayname="Number of Structures" name="msfsi_numberofstructures" type="number" customfield="true" />
      <field displayname="Odometer Reading" name="msfsi_odometerreading" type="number" customfield="true" />
      <field displayname="Plate Number" name="msfsi_platenumber" type="string" customfield="true" />
      <field displayname="Postal Code" name="msfsi_postalcode" type="string" customfield="true" />
      <field displayname="Primary Driver" name="msfsi_primarydriverid" type="entityreference" lookupType="msfsi_insurancepolicycustomer" customfield="true" />
      <field displayname="Primary Owner" name="msfsi_primaryownerid" type="entityreference" lookupType="account|contact" customfield="true" />
      <field displayname="Property Improvements" name="msfsi_propertyimprovements" type="string" customfield="true" />
      <field displayname="Property Ownership" name="msfsi_propertyownership" type="bool" customfield="true" />
      <field displayname="Property Rating" name="msfsi_propertyrating" type="optionsetvalue" customfield="true" />
      <field displayname="Property Usage" name="msfsi_propertyusage" type="bool" customfield="true" />
      <field displayname="Purchase Amount" name="msfsi_purchaseamount" type="money" customfield="true" />
      <field displayname="Purchase Amount (Base)" name="msfsi_purchaseamount_base" type="money" customfield="true" />
      <field displayname="Purchase Date" name="msfsi_purchasedate" type="datetime" customfield="true" />
      <field displayname="Record Created On" name="overriddencreatedon" type="datetime" />
      <field displayname="Registration Type" name="msfsi_registrationtype" type="optionsetvalue" customfield="true" />
      <field displayname="State" name="msfsi_state" type="string" customfield="true" />
      <field displayname="Status" name="statecode" type="state" />
      <field displayname="Status Reason" name="statuscode" type="status" />
      <field displayname="Street Address" name="msfsi_streetaddress" type="string" customfield="true" />
      <field displayname="Total Square Feet" name="msfsi_totalsquarefeet" type="number" customfield="true" />
      <field displayname="Type of Property" name="msfsi_typeofproperty" type="optionsetvalue" customfield="true" />
      <field displayname="Vehicle Category" name="msfsi_vehiclecategory" type="optionsetvalue" customfield="true" />
      <field displayname="Vehicle Ownership" name="msfsi_vehicleownership" type="bool" customfield="true" />
      <field displayname="Version Number" name="versionnumber" type="bigint" />
      <field displayname="VIN" name="msfsi_vin" type="string" customfield="true" />
      <field displayname="Year Built" name="msfsi_yearbuilt" type="number" customfield="true" />
    </fields>
  </entity>
  <entity name="msfsi_insuredassetclaim" displayname="Insured Asset Claim" etc="10051" primaryidfield="msfsi_insuredassetclaimid" primarynamefield="msfsi_name" disableplugins="false">
    <fields>
      <field displayname="Claim" name="msfsi_claimid" type="entityreference" lookupType="msfsi_claim" customfield="true" />
      <field displayname="Import Sequence Number" name="importsequencenumber" type="number" />
      <field displayname="Insured Asset" name="msfsi_insuredassetid" type="entityreference" lookupType="msfsi_insuredasset" customfield="true" />
      <field displayname="Insured Asset Claim" name="msfsi_insuredassetclaimid" type="guid" primaryKey="true" />
      <field displayname="Name" name="msfsi_name" type="string" customfield="true" />
      <field displayname="Record Created On" name="overriddencreatedon" type="datetime" />
      <field displayname="Status" name="statecode" type="state" />
      <field displayname="Status Reason" name="statuscode" type="status" />
      <field displayname="Version Number" name="versionnumber" type="bigint" />
    </fields>
  </entity>
  <entity name="msfsi_policydocument" displayname="Policy Document" etc="10040" primaryidfield="msfsi_policydocumentid" primarynamefield="msfsi_name" disableplugins="false">
    <fields>
      <field displayname="Customer" name="msfsi_customer" type="entityreference" lookupType="account|contact" customfield="true" />
      <field displayname="Description" name="msfsi_description" type="string" customfield="true" />
      <field displayname="Image" name="msfsi_image" type="imagedata" customfield="true" />
      <field displayname="Import Sequence Number" name="importsequencenumber" type="number" />
      <field displayname="Insurance Policy" name="msfsi_insurancepolicyid" type="entityreference" lookupType="msfsi_insurancepolicy" customfield="true" />
      <field displayname="Name" name="msfsi_name" type="string" customfield="true" />
      <field displayname="Policy Document" name="msfsi_policydocumentid" type="guid" primaryKey="true" />
      <field displayname="Record Created On" name="overriddencreatedon" type="datetime" />
      <field displayname="Status" name="statecode" type="state" />
      <field displayname="Status Reason" name="statuscode" type="status" />
      <field displayname="Type" name="msfsi_type" type="optionsetvalue" customfield="true" />
      <field displayname="Version Number" name="versionnumber" type="bigint" />
    </fields>
  </entity>
  <entity name="msfsi_policyterm" displayname="Policy Term" etc="10041" primaryidfield="msfsi_policytermid" primarynamefield="msfsi_name" disableplugins="false">
    <fields>
      <field displayname="Discount" name="msfsi_discount" type="decimal" customfield="true" />
      <field displayname="Import Sequence Number" name="importsequencenumber" type="number" />
      <field displayname="Insurance Policy" name="msfsi_insurancepolicyid" type="entityreference" lookupType="msfsi_insurancepolicy" customfield="true" />
      <field displayname="Name" name="msfsi_name" type="string" customfield="true" />
      <field displayname="Policy Term" name="msfsi_policytermid" type="guid" primaryKey="true" />
      <field displayname="Record Created On" name="overriddencreatedon" type="datetime" />
      <field displayname="Status" name="statecode" type="state" />
      <field displayname="Status Reason" name="statuscode" type="status" />
      <field displayname="Type" name="msfsi_type" type="optionsetvalue" customfield="true" />
      <field displayname="Valid From" name="msfsi_validfrom" type="datetime" customfield="true" />
      <field displayname="Valid To" name="msfsi_validto" type="datetime" customfield="true" />
      <field displayname="Version Number" name="versionnumber" type="bigint" />
    </fields>
  </entity>
  <entity name="msfsi_producer" displayname="Producer" etc="10046" primaryidfield="msfsi_producerid" primarynamefield="msfsi_name" disableplugins="false">
    <fields>
      <field displayname="Contact" name="msfsi_contactid" type="entityreference" lookupType="contact" customfield="true" />
      <field displayname="Import Sequence Number" name="importsequencenumber" type="number" />
      <field displayname="Name" name="msfsi_name" type="string" customfield="true" />
      <field displayname="Producer" name="msfsi_producerid" type="guid" primaryKey="true" />
      <field displayname="Status" name="statecode" type="state" />
      <field displayname="Status Reason" name="statuscode" type="status" />
      <field displayname="Type" name="msfsi_type" type="optionsetvalue" customfield="true" />
      <field displayname="Version Number" name="versionnumber" type="bigint" />
      <field displayname="Producer Number" name="msfsi_producernumber" type="string" customfield="true" />
    </fields>
  </entity>
  <entity name="msfsi_producerinsurancecompany" displayname="Producer Insurance Company" etc="10056" primaryidfield="msfsi_producerinsurancecompanyid" primarynamefield="msfsi_name" disableplugins="false">
    <fields>
      <field displayname="Import Sequence Number" name="importsequencenumber" type="number" />
      <field displayname="Insurance Company" name="msfsi_insurancecompanyid" type="entityreference" lookupType="msfsi_insurancecompany" customfield="true" />
      <field displayname="Name" name="msfsi_name" type="string" customfield="true" />
      <field displayname="Producer" name="msfsi_producerid" type="entityreference" lookupType="msfsi_producer" customfield="true" />
      <field displayname="Producer Insurance Company" name="msfsi_producerinsurancecompanyid" type="guid" primaryKey="true" />
      <field displayname="Status" name="statecode" type="state" />
      <field displayname="Status Reason" name="statuscode" type="status" />
      <field displayname="Valid From" name="msfsi_validfrom" type="datetime" customfield="true" />
      <field displayname="Valid To" name="msfsi_validto" type="datetime" customfield="true" />
      <field displayname="Version Number" name="versionnumber" type="bigint" />
    </fields>
  </entity>
  <entity name="msfsi_producerlicense" displayname="Producer License" etc="10063" primaryidfield="msfsi_producerlicenseid" primarynamefield="msfsi_name" disableplugins="false">
    <fields>
      <field displayname="Country/Region" name="msfsi_countryregion" type="string" customfield="true" />
      <field displayname="Expiration" name="msfsi_expiration" type="datetime" customfield="true" />
      <field displayname="Import Sequence Number" name="importsequencenumber" type="number" />
      <field displayname="License Number" name="msfsi_licensenumber" type="string" customfield="true" />
      <field displayname="Name" name="msfsi_name" type="string" customfield="true" />
      <field displayname="Producer" name="msfsi_producerid" type="entityreference" lookupType="msfsi_producer" customfield="true" />
      <field displayname="Producer License" name="msfsi_producerlicenseid" type="guid" primaryKey="true" />
      <field displayname="State" name="msfsi_state" type="string" customfield="true" />
      <field displayname="Status" name="statecode" type="state" />
      <field displayname="Status" name="msfsi_status" type="optionsetvalue" customfield="true" />
      <field displayname="Status Reason" name="statuscode" type="status" />
      <field displayname="Type" name="msfsi_type" type="optionsetvalue" customfield="true" />
      <field displayname="Version Number" name="versionnumber" type="bigint" />
    </fields>
  </entity>
  <entity name="msfsi_agency" displayname="Agency" etc="10113" primaryidfield="msfsi_agencyid" primarynamefield="msfsi_name" disableplugins="false">
    <fields>
      <field displayname="Account" name="msfsi_accountid" type="entityreference" lookupType="account" customfield="true" />
      <field displayname="Agency" name="msfsi_agencyid" type="guid" primaryKey="true" />
      <field displayname="Business Since Date" name="msfsi_businesssincedate" type="number" customfield="true" />
      <field displayname="Contact" name="msfsi_contactid" type="entityreference" lookupType="contact" customfield="true" />
      <field displayname="Last Year Policies" name="msfsi_lastyearpolicies" type="number" customfield="true" />
      <field displayname="Last Year Renewal Rate" name="msfsi_lastyearrenewalrate" type="decimal" customfield="true" />
      <field displayname="Last Year's Total Revenue" name="msfsi_lastyearstotalrevenue" type="money" customfield="true" />
      <field displayname="Last Year's Total Revenue (Base)" name="msfsi_lastyearstotalrevenue_base" type="money" customfield="true" />
      <field displayname="Name" name="msfsi_name" type="string" customfield="true" />
      <field displayname="New Policy Goal" name="msfsi_newpolicygoal" type="number" customfield="true" />
      <field displayname="Number of Licensed Agents" name="msfsi_numberoflicensedagents" type="number" customfield="true" />
      <field displayname="Renewal Rate Goal" name="msfsi_renewalrategoal" type="decimal" customfield="true" />
      <field displayname="Renewal Rate Year To Date" name="msfsi_renewalrateyeartodate" type="decimal" customfield="true" />
      <field displayname="Tier" name="msfsi_tier" type="optionsetvalue" customfield="true" />
      <field displayname="Total Full Year Performance" name="msfsi_totalfullyearperformance" type="decimal" customfield="true" />
      <field displayname="Total Policies To Date" name="msfsi_totalpoliciestodate" type="number" customfield="true" />
      <field displayname="Total Policy Goal" name="msfsi_totalpolicygoal" type="number" customfield="true" />
      <field displayname="Total Revenue Goal" name="msfsi_totalrevenuegoal" type="money" customfield="true" />
      <field displayname="Total Revenue Goal (Base)" name="msfsi_totalrevenuegoal_base" type="money" customfield="true" />
      <field displayname="Total Revenue Year To Date" name="msfsi_totalrevenueyeartodate" type="money" customfield="true" />
      <field displayname="Total Revenue Year To Date (Base)" name="msfsi_totalrevenueyeartodate_base" type="money" customfield="true" />
      <field displayname="Total YTD Performance" name="msfsi_totalytdperformance" type="decimal" customfield="true" />
    </fields>
  </entity>
</entities>