<ImportExportXml version="9.1.0.19865" SolutionPackageVersion="9.1" languagecode="1033" generatedBy="CrmLive" xmlns:xsi="http://www.w3.org/2001/XMLSchema-instance">
  <SolutionManifest>
    <UniqueName>InsuranceCommon</UniqueName>
    <LocalizedNames>
      <LocalizedName description="Insurance Common" languagecode="1033" />
    </LocalizedNames>
    <Descriptions />
    <Version>1.0.2.0</Version>
    <Managed>1</Managed>
    <Publisher>
      <UniqueName>financialservicesaccelerator</UniqueName>
      <LocalizedNames>
        <LocalizedName description="Financial Services Accelerator" languagecode="1033" />
      </LocalizedNames>
      <Descriptions />
      <EMailAddress xsi:nil="true"></EMailAddress>
      <SupportingWebsiteUrl xsi:nil="true"></SupportingWebsiteUrl>
      <CustomizationPrefix>msfsi</CustomizationPrefix>
      <CustomizationOptionValuePrefix>10480</CustomizationOptionValuePrefix>
      <Addresses>
        <Address>
          <AddressNumber>1</AddressNumber>
          <AddressTypeCode>1</AddressTypeCode>
          <City xsi:nil="true"></City>
          <County xsi:nil="true"></County>
          <Country xsi:nil="true"></Country>
          <Fax xsi:nil="true"></Fax>
          <FreightTermsCode xsi:nil="true"></FreightTermsCode>
          <ImportSequenceNumber xsi:nil="true"></ImportSequenceNumber>
          <Latitude xsi:nil="true"></Latitude>
          <Line1 xsi:nil="true"></Line1>
          <Line2 xsi:nil="true"></Line2>
          <Line3 xsi:nil="true"></Line3>
          <Longitude xsi:nil="true"></Longitude>
          <Name xsi:nil="true"></Name>
          <PostalCode xsi:nil="true"></PostalCode>
          <PostOfficeBox xsi:nil="true"></PostOfficeBox>
          <PrimaryContactName xsi:nil="true"></PrimaryContactName>
          <ShippingMethodCode>1</ShippingMethodCode>
          <StateOrProvince xsi:nil="true"></StateOrProvince>
          <Telephone1 xsi:nil="true"></Telephone1>
          <Telephone2 xsi:nil="true"></Telephone2>
          <Telephone3 xsi:nil="true"></Telephone3>
          <TimeZoneRuleVersionNumber xsi:nil="true"></TimeZoneRuleVersionNumber>
          <UPSZone xsi:nil="true"></UPSZone>
          <UTCOffset xsi:nil="true"></UTCOffset>
          <UTCConversionTimeZoneCode xsi:nil="true"></UTCConversionTimeZoneCode>
        </Address>
        <Address>
          <AddressNumber>2</AddressNumber>
          <AddressTypeCode>1</AddressTypeCode>
          <City xsi:nil="true"></City>
          <County xsi:nil="true"></County>
          <Country xsi:nil="true"></Country>
          <Fax xsi:nil="true"></Fax>
          <FreightTermsCode xsi:nil="true"></FreightTermsCode>
          <ImportSequenceNumber xsi:nil="true"></ImportSequenceNumber>
          <Latitude xsi:nil="true"></Latitude>
          <Line1 xsi:nil="true"></Line1>
          <Line2 xsi:nil="true"></Line2>
          <Line3 xsi:nil="true"></Line3>
          <Longitude xsi:nil="true"></Longitude>
          <Name xsi:nil="true"></Name>
          <PostalCode xsi:nil="true"></PostalCode>
          <PostOfficeBox xsi:nil="true"></PostOfficeBox>
          <PrimaryContactName xsi:nil="true"></PrimaryContactName>
          <ShippingMethodCode>1</ShippingMethodCode>
          <StateOrProvince xsi:nil="true"></StateOrProvince>
          <Telephone1 xsi:nil="true"></Telephone1>
          <Telephone2 xsi:nil="true"></Telephone2>
          <Telephone3 xsi:nil="true"></Telephone3>
          <TimeZoneRuleVersionNumber xsi:nil="true"></TimeZoneRuleVersionNumber>
          <UPSZone xsi:nil="true"></UPSZone>
          <UTCOffset xsi:nil="true"></UTCOffset>
          <UTCConversionTimeZoneCode xsi:nil="true"></UTCConversionTimeZoneCode>
        </Address>
      </Addresses>
    </Publisher>
    <RootComponents>
      <RootComponent type="1" schemaName="account" behavior="2" />
      <RootComponent type="1" schemaName="activitypointer" behavior="1" />
      <RootComponent type="1" schemaName="appointment" behavior="1" />
      <RootComponent type="1" schemaName="connection" behavior="1" />
      <RootComponent type="1" schemaName="contact" behavior="2" />
      <RootComponent type="1" schemaName="msfsi_agency" behavior="0" />
      <RootComponent type="1" schemaName="msfsi_agencyinsurancecompany" behavior="0" />
      <RootComponent type="1" schemaName="msfsi_agencyproducer" behavior="0" />
      <RootComponent type="1" schemaName="msfsi_alert" behavior="0" />
      <RootComponent type="1" schemaName="msfsi_claim" behavior="0" />
      <RootComponent type="1" schemaName="msfsi_claimcontact" behavior="0" />
      <RootComponent type="1" schemaName="msfsi_claimdocument" behavior="0" />
      <RootComponent type="1" schemaName="msfsi_claimstatus" behavior="0" />
      <RootComponent type="1" schemaName="msfsi_coverage" behavior="0" />
      <RootComponent type="1" schemaName="msfsi_endorsement" behavior="0" />
      <RootComponent type="1" schemaName="msfsi_exclusion" behavior="0" />
      <RootComponent type="1" schemaName="msfsi_insurancecompany" behavior="0" />
      <RootComponent type="1" schemaName="msfsi_insurancepolicy" behavior="0" />
      <RootComponent type="1" schemaName="msfsi_insurancepolicyagency" behavior="0" />
      <RootComponent type="1" schemaName="msfsi_insurancepolicycustomer" behavior="0" />
      <RootComponent type="1" schemaName="msfsi_insurancepolicyproducer" behavior="0" />
      <RootComponent type="1" schemaName="msfsi_insurancepolicyproduct" behavior="0" />
      <RootComponent type="1" schemaName="msfsi_insuredasset" behavior="0" />
      <RootComponent type="1" schemaName="msfsi_insuredassetclaim" behavior="0" />
      <RootComponent type="1" schemaName="msfsi_policydocument" behavior="0" />
      <RootComponent type="1" schemaName="msfsi_policyterm" behavior="0" />
      <RootComponent type="1" schemaName="msfsi_producer" behavior="0" />
      <RootComponent type="1" schemaName="msfsi_producerinsurancecompany" behavior="0" />
      <RootComponent type="1" schemaName="msfsi_producerlicense" behavior="0" />
      <RootComponent type="9" schemaName="msfsi_agencytier" behavior="0" />
      <RootComponent type="9" schemaName="msfsi_agencytype" behavior="0" />
      <RootComponent type="9" schemaName="msfsi_areausagetype" behavior="0" />
      <RootComponent type="9" schemaName="msfsi_assettype" behavior="0" />
      <RootComponent type="9" schemaName="msfsi_claimdocumenttype" behavior="0" />
      <RootComponent type="9" schemaName="msfsi_claimresolvedstate" behavior="0" />
      <RootComponent type="9" schemaName="msfsi_claimstatus" behavior="0" />
      <RootComponent type="9" schemaName="msfsi_claimtype" behavior="0" />
      <RootComponent type="9" schemaName="msfsi_contactrole" behavior="0" />
      <RootComponent type="9" schemaName="msfsi_coveragetype" behavior="0" />
      <RootComponent type="9" schemaName="msfsi_customerrole" behavior="0" />
      <RootComponent type="9" schemaName="msfsi_distanceunits" behavior="0" />
      <RootComponent type="9" schemaName="msfsi_insurancecustomerprofile" behavior="0" />
      <RootComponent type="9" schemaName="msfsi_insurancepolicytype" behavior="0" />
      <RootComponent type="9" schemaName="msfsi_insuranceproducttype" behavior="0" />
      <RootComponent type="9" schemaName="msfsi_policydocumenttype" behavior="0" />
      <RootComponent type="9" schemaName="msfsi_policystatus" behavior="0" />
      <RootComponent type="9" schemaName="msfsi_policytermtype" behavior="0" />
      <RootComponent type="9" schemaName="msfsi_premiumfrequency" behavior="0" />
      <RootComponent type="9" schemaName="msfsi_primarylineofbusiness" behavior="0" />
      <RootComponent type="9" schemaName="msfsi_producerlicensestatus" behavior="0" />
      <RootComponent type="9" schemaName="msfsi_producerlicensetype" behavior="0" />
      <RootComponent type="9" schemaName="msfsi_producertype" behavior="0" />
      <RootComponent type="9" schemaName="msfsi_profile" behavior="0" />
      <RootComponent type="9" schemaName="msfsi_profiletier" behavior="0" />
      <RootComponent type="9" schemaName="msfsi_propertyrating" behavior="0" />
      <RootComponent type="9" schemaName="msfsi_registrationtype" behavior="0" />
      <RootComponent type="9" schemaName="msfsi_reportingchannel" behavior="0" />
      <RootComponent type="9" schemaName="msfsi_typeofproperty" behavior="0" />
      <RootComponent type="9" schemaName="msfsi_vehiclecategory" behavior="0" />
      <RootComponent type="29" id="{f06c4ade-c996-ea11-a811-000d3a1abbdd}" behavior="0" />
      <RootComponent type="60" id="{0d02616e-e7d0-ea11-a812-000d3a1abbdd}" behavior="0" />
      <RootComponent type="60" id="{5a6d5541-e2d0-ea11-a812-000d3a1abbdd}" behavior="0" />
      <RootComponent type="60" id="{9b5725a4-4ca0-ea11-a812-000d3a1abbdd}" behavior="0" />
      <RootComponent type="60" id="{f070b993-7585-ea11-a812-000d3a1abbdd}" />
      <RootComponent type="61" schemaName="msfsi_agencysvg" behavior="0" />
      <RootComponent type="61" schemaName="msfsi_alerticon" behavior="0" />
      <RootComponent type="61" schemaName="msfsi_claimcontactsvg" behavior="0" />
      <RootComponent type="61" schemaName="msfsi_claimdocumentsvg" behavior="0" />
      <RootComponent type="61" schemaName="msfsi_claimstatussvg" behavior="0" />
      <RootComponent type="61" schemaName="msfsi_claimsvg" behavior="0" />
      <RootComponent type="61" schemaName="msfsi_coveragesvg" behavior="0" />
      <RootComponent type="61" schemaName="msfsi_endorsementsvg" behavior="0" />
      <RootComponent type="61" schemaName="msfsi_exclusionsvg" behavior="0" />
      <RootComponent type="61" schemaName="msfsi_insurancecompanysvg" behavior="0" />
      <RootComponent type="61" schemaName="msfsi_insurancecustomersvg" behavior="0" />
      <RootComponent type="61" schemaName="msfsi_insurancepolicysvg" behavior="0" />
      <RootComponent type="61" schemaName="msfsi_insuranceproductsvg" behavior="0" />
      <RootComponent type="61" schemaName="msfsi_insurancesvg" behavior="0" />
      <RootComponent type="61" schemaName="msfsi_insuredassetsvg" behavior="0" />
      <RootComponent type="61" schemaName="msfsi_policydocumentsvg" behavior="0" />
      <RootComponent type="61" schemaName="msfsi_policytermsvg" behavior="0" />
      <RootComponent type="61" schemaName="msfsi_producerlicensesvg" behavior="0" />
      <RootComponent type="61" schemaName="msfsi_producersvg" behavior="0" />
      <RootComponent type="431" schemaName="msfsi_claimdocument msfsi_image" behavior="0" />
      <RootComponent type="431" schemaName="msfsi_policydocument msfsi_image" behavior="0" />
      <RootComponent type="432" schemaName="msfsi_claimdocument" behavior="0" />
      <RootComponent type="432" schemaName="msfsi_policydocument" behavior="0" />
    </RootComponents>
    <MissingDependencies>
      <MissingDependency>
        <Required key="0" type="26" schemaName="All Accounts" displayName="All Accounts" parentSchemaName="account" parentDisplayName="Account" solution="msdynce_AppCommon (9.0.4.0066)" id="{65ffaf9a-e8c5-432d-860b-32f841b00d87}" />
        <Dependent key="0" type="26" schemaName="All Accounts" displayName="All Accounts" parentSchemaName="account" parentDisplayName="Account" id="{65ffaf9a-e8c5-432d-860b-32f841b00d87}" />
      </MissingDependency>
      <MissingDependency>
        <Required key="1" type="26" schemaName="All Contacts" displayName="All Contacts" parentSchemaName="contact" parentDisplayName="Contact" solution="msdynce_AppCommon (9.0.4.0066)" id="{0d5d377b-5e7c-47b5-bab1-a5cb8b4ac105}" />
        <Dependent key="1" type="26" schemaName="All Contacts" displayName="All Contacts" parentSchemaName="contact" parentDisplayName="Contact" id="{0d5d377b-5e7c-47b5-bab1-a5cb8b4ac105}" />
      </MissingDependency>
      <MissingDependency>
        <Required key="2" type="60" displayName="account contact card" parentDisplayName="Contact" solution="msdynce_AppCommon (9.0.4.0066)" id="{29de27bc-a257-4f29-99cf-bab4a84e688f}" />
        <Dependent key="3" type="60" displayName="Account Form" parentDisplayName="Account" id="{9b5725a4-4ca0-ea11-a812-000d3a1abbdd}" />
      </MissingDependency>
      <MissingDependency>
        <Required key="4" type="66" schemaName="MscrmControls.CardFeedContainer.CardFeedContainer" displayName="MscrmControls.CardFeedContainer.CardFeedContainer" solution="BaseCustomControlsCore (9.0.2006.4014)" />
        <Dependent key="3" type="60" displayName="Account Form" parentDisplayName="Account" id="{9b5725a4-4ca0-ea11-a812-000d3a1abbdd}" />
      </MissingDependency>
      <MissingDependency>
        <Required key="5" type="61" schemaName="AppCommon/Account/Account_main_system_library.js" displayName="AppCommon/Account/Account_main_system_library.js" solution="msdynce_AppCommon (9.0.4.0066)" />
        <Dependent key="3" type="60" displayName="Account Form" parentDisplayName="Account" id="{9b5725a4-4ca0-ea11-a812-000d3a1abbdd}" />
      </MissingDependency>
      <MissingDependency>
        <Required key="2" type="60" displayName="account contact card" parentDisplayName="Contact" solution="msdynce_AppCommon (9.0.4.0066)" id="{29de27bc-a257-4f29-99cf-bab4a84e688f}" />
        <Dependent key="6" type="60" displayName="Customer 360" parentDisplayName="Account" id="{0d02616e-e7d0-ea11-a812-000d3a1abbdd}" />
      </MissingDependency>
      <MissingDependency>
        <Required key="4" type="66" schemaName="MscrmControls.CardFeedContainer.CardFeedContainer" displayName="MscrmControls.CardFeedContainer.CardFeedContainer" solution="BaseCustomControlsCore (9.0.2006.4014)" />
        <Dependent key="6" type="60" displayName="Customer 360" parentDisplayName="Account" id="{0d02616e-e7d0-ea11-a812-000d3a1abbdd}" />
      </MissingDependency>
      <MissingDependency>
        <Required key="4" type="66" schemaName="MscrmControls.CardFeedContainer.CardFeedContainer" displayName="MscrmControls.CardFeedContainer.CardFeedContainer" solution="BaseCustomControlsCore (9.0.2006.4014)" />
        <Dependent key="7" type="60" displayName="Contact Form" parentDisplayName="Contact" id="{5a6d5541-e2d0-ea11-a812-000d3a1abbdd}" />
      </MissingDependency>
      <MissingDependency>
        <Required key="8" type="66" schemaName="MscrmControls.OptionSet.OptionSetControl" displayName="MscrmControls.OptionSet.OptionSetControl" solution="CustomControlsCore (9.1.0000.19865)" />
        <Dependent key="9" type="60" displayName="Insurance Policy Main Form" parentDisplayName="Insurance Policy" id="{3e642468-db67-4ba7-b060-5a62a58a4505}" />
      </MissingDependency>
      <MissingDependency>
        <Required key="8" type="66" schemaName="MscrmControls.OptionSet.OptionSetControl" displayName="MscrmControls.OptionSet.OptionSetControl" solution="CustomControlsCore (9.1.0000.19865)" />
        <Dependent key="10" type="60" displayName="Customer 360" parentDisplayName="Contact" id="{f070b993-7585-ea11-a812-000d3a1abbdd}" />
      </MissingDependency>
      <MissingDependency>
        <Required key="11" type="61" schemaName="AppCommon/Contact/Contact_main_system_library.js" displayName="AppCommon/Contact/Contact_main_system_library.js" solution="msdynce_AppCommon (9.0.4.0066)" />
        <Dependent key="10" type="60" displayName="Customer 360" parentDisplayName="Contact" id="{f070b993-7585-ea11-a812-000d3a1abbdd}" />
      </MissingDependency>
    </MissingDependencies>
  </SolutionManifest>
</ImportExportXml>