<ImportExportXml xmlns:xsi="http://www.w3.org/2001/XMLSchema-instance">
  <Entities></Entities>
  <Roles></Roles>
  <Workflows></Workflows>
  <FieldSecurityProfiles></FieldSecurityProfiles>
  <Templates />
  <EntityMaps />
  <EntityRelationships />
  <OrganizationSettings />
  <optionsets />
  <CustomControls />
  <EntityDataProviders />
  <CanvasApps>
    <CanvasApp>
      <Name>msfsi_insurancecanvasapp_ff63e</Name>
      <AppVersion>2020-07-09T05:34:20Z</AppVersion>
      <Status>Ready</Status>
      <CreatedByClientVersion>3.20063.13.0</CreatedByClientVersion>
      <MinClientVersion>3.20063.13.0</MinClientVersion>
      <Tags>{"primaryDeviceWidth":"640","primaryDeviceHeight":"1136","sienaVersion":"ceaea178-2f9d-4767-a83a-799390da2970","deviceCapabilities":"location","supportsPortrait":"true","supportsLandscape":"false","primaryFormFactor":"Phone","publisherVersion":"3.20063.13","minimumRequiredApiVersion":"2.2.0","hasComponent":"true","hasUnlockedComponent":"true","isUnifiedRootApp":"false"}</Tags>
      <IsCdsUpgraded>0</IsCdsUpgraded>
      <GalleryItemId xsi:nil="true"></GalleryItemId>
      <BackgroundColor>rgba(1, 60, 96, 1)</BackgroundColor>
      <DisplayName>Insurance Canvas App</DisplayName>
      <Description xsi:nil="true"></Description>
      <CommitMessage>Disable location permission and add phone call and calendar image</CommitMessage>
      <Publisher></Publisher>
      <AuthorizationReferences xsi:nil="true"></AuthorizationReferences>
      <ConnectionReferences>{}</ConnectionReferences>
      <DatabaseReferences>{"default.cds":{"databaseDetails":{"referenceType":"Environmental","environmentName":"default.cds"},"dataSources":{"Contacts":{"entitySetName":"contacts","logicalName":"contact"},"Insurance Companies":{"entitySetName":"msfsi_insurancecompanies","logicalName":"msfsi_insurancecompany"},"Accounts":{"entitySetName":"accounts","logicalName":"account"},"Insurance Policies":{"entitySetName":"msfsi_insurancepolicies","logicalName":"msfsi_insurancepolicy"},"Customer Insurance Policies":{"entitySetName":"msfsi_insurancepolicycustomers","logicalName":"msfsi_insurancepolicycustomer"},"Activities":{"entitySetName":"activitypointers","logicalName":"activitypointer"},"Users":{"entitySetName":"systemusers","logicalName":"systemuser"},"Claims_1":{"entitySetName":"msfsi_claims","logicalName":"msfsi_claim"},"Claim Contacts":{"entitySetName":"msfsi_claimcontacts","logicalName":"msfsi_claimcontact"},"Alerts":{"entitySetName":"msfsi_alerts","logicalName":"msfsi_alert"},"Phone Calls":{"entitySetName":"phonecalls","logicalName":"phonecall"},"Appointments":{"entitySetName":"appointments","logicalName":"appointment"},"Email Messages":{"entitySetName":"emails","logicalName":"email"},"Tasks":{"entitySetName":"tasks","logicalName":"task"}}}}</DatabaseReferences>
      <CanvasAppType>0</CanvasAppType>
      <BypassConsent>0</BypassConsent>
      <AdminControlBypassConsent>0</AdminControlBypassConsent>
      <EmbeddedApp xsi:nil="true"></EmbeddedApp>
      <IntroducedVersion>1.0</IntroducedVersion>
      <CdsDependencies>{"cdsdependencies":[{"logicalname":"contact","componenttype":1},{"logicalname":"msfsi_insurancecompany","componenttype":1},{"logicalname":"account","componenttype":1},{"logicalname":"msfsi_insurancepolicy","componenttype":1},{"logicalname":"msfsi_insurancepolicycustomer","componenttype":1},{"logicalname":"activitypointer","componenttype":1},{"logicalname":"systemuser","componenttype":1},{"logicalname":"msfsi_claim","componenttype":1},{"logicalname":"msfsi_claimcontact","componenttype":1},{"logicalname":"msfsi_alert","componenttype":1},{"logicalname":"phonecall","componenttype":1},{"logicalname":"appointment","componenttype":1},{"logicalname":"email","componenttype":1},{"logicalname":"task","componenttype":1}]}</CdsDependencies>
      <BackgroundImageUri>/CanvasApps/msfsi_insurancecanvasapp_ff63e_BackgroundImageUri</BackgroundImageUri>
      <DocumentUri>/CanvasApps/msfsi_insurancecanvasapp_ff63e_DocumentUri.msapp</DocumentUri>
    </CanvasApp>
  </CanvasApps>
  <Languages>
    <Language>1033</Language>
  </Languages>
</ImportExportXml>