<ImportExportXml version="9.1.0.19865" SolutionPackageVersion="9.1" languagecode="1033" generatedBy="CrmLive" xmlns:xsi="http://www.w3.org/2001/XMLSchema-instance">
  <SolutionManifest>
    <UniqueName>InsurancePowerApps</UniqueName>
    <LocalizedNames>
      <LocalizedName description="Insurance Power Apps" languagecode="1033" />
    </LocalizedNames>
    <Descriptions />
    <Version>1.0.2.0</Version>
    <Managed>1</Managed>
    <Publisher>
      <UniqueName>financialservicesaccelerator</UniqueName>
      <LocalizedNames>
        <LocalizedName description="Financial Services Accelerator" languagecode="1033" />
      </LocalizedNames>
      <Descriptions />
      <EMailAddress xsi:nil="true"></EMailAddress>
      <SupportingWebsiteUrl xsi:nil="true"></SupportingWebsiteUrl>
      <CustomizationPrefix>msfsi</CustomizationPrefix>
      <CustomizationOptionValuePrefix>10480</CustomizationOptionValuePrefix>
      <Addresses>
        <Address>
          <AddressNumber>1</AddressNumber>
          <AddressTypeCode>1</AddressTypeCode>
          <City xsi:nil="true"></City>
          <County xsi:nil="true"></County>
          <Country xsi:nil="true"></Country>
          <Fax xsi:nil="true"></Fax>
          <FreightTermsCode xsi:nil="true"></FreightTermsCode>
          <ImportSequenceNumber xsi:nil="true"></ImportSequenceNumber>
          <Latitude xsi:nil="true"></Latitude>
          <Line1 xsi:nil="true"></Line1>
          <Line2 xsi:nil="true"></Line2>
          <Line3 xsi:nil="true"></Line3>
          <Longitude xsi:nil="true"></Longitude>
          <Name xsi:nil="true"></Name>
          <PostalCode xsi:nil="true"></PostalCode>
          <PostOfficeBox xsi:nil="true"></PostOfficeBox>
          <PrimaryContactName xsi:nil="true"></PrimaryContactName>
          <ShippingMethodCode>1</ShippingMethodCode>
          <StateOrProvince xsi:nil="true"></StateOrProvince>
          <Telephone1 xsi:nil="true"></Telephone1>
          <Telephone2 xsi:nil="true"></Telephone2>
          <Telephone3 xsi:nil="true"></Telephone3>
          <TimeZoneRuleVersionNumber xsi:nil="true"></TimeZoneRuleVersionNumber>
          <UPSZone xsi:nil="true"></UPSZone>
          <UTCOffset xsi:nil="true"></UTCOffset>
          <UTCConversionTimeZoneCode xsi:nil="true"></UTCConversionTimeZoneCode>
        </Address>
        <Address>
          <AddressNumber>2</AddressNumber>
          <AddressTypeCode>1</AddressTypeCode>
          <City xsi:nil="true"></City>
          <County xsi:nil="true"></County>
          <Country xsi:nil="true"></Country>
          <Fax xsi:nil="true"></Fax>
          <FreightTermsCode xsi:nil="true"></FreightTermsCode>
          <ImportSequenceNumber xsi:nil="true"></ImportSequenceNumber>
          <Latitude xsi:nil="true"></Latitude>
          <Line1 xsi:nil="true"></Line1>
          <Line2 xsi:nil="true"></Line2>
          <Line3 xsi:nil="true"></Line3>
          <Longitude xsi:nil="true"></Longitude>
          <Name xsi:nil="true"></Name>
          <PostalCode xsi:nil="true"></PostalCode>
          <PostOfficeBox xsi:nil="true"></PostOfficeBox>
          <PrimaryContactName xsi:nil="true"></PrimaryContactName>
          <ShippingMethodCode>1</ShippingMethodCode>
          <StateOrProvince xsi:nil="true"></StateOrProvince>
          <Telephone1 xsi:nil="true"></Telephone1>
          <Telephone2 xsi:nil="true"></Telephone2>
          <Telephone3 xsi:nil="true"></Telephone3>
          <TimeZoneRuleVersionNumber xsi:nil="true"></TimeZoneRuleVersionNumber>
          <UPSZone xsi:nil="true"></UPSZone>
          <UTCOffset xsi:nil="true"></UTCOffset>
          <UTCConversionTimeZoneCode xsi:nil="true"></UTCConversionTimeZoneCode>
        </Address>
      </Addresses>
    </Publisher>
    <RootComponents>
      <RootComponent type="300" schemaName="msfsi_insurancecanvasapp_ff63e" behavior="0" />
    </RootComponents>
    <MissingDependencies>
      <MissingDependency>
        <Required key="0" type="1" schemaName="msfsi_insurancecompany" displayName="Insurance Company" solution="Active" />
        <Dependent key="1" type="300" schemaName="msfsi_insurancecanvasapp_ff63e" displayName="Insurance Canvas App" />
      </MissingDependency>
      <MissingDependency>
        <Required key="2" type="1" schemaName="msfsi_insurancepolicy" displayName="Insurance Policy" solution="Active" />
        <Dependent key="1" type="300" schemaName="msfsi_insurancecanvasapp_ff63e" displayName="Insurance Canvas App" />
      </MissingDependency>
      <MissingDependency>
        <Required key="3" type="1" schemaName="msfsi_claimcontact" displayName="Claim Contact" solution="Active" />
        <Dependent key="1" type="300" schemaName="msfsi_insurancecanvasapp_ff63e" displayName="Insurance Canvas App" />
      </MissingDependency>
      <MissingDependency>
        <Required key="4" type="1" schemaName="msfsi_insurancepolicycustomer" displayName="Customer Insurance Policy" solution="Active" />
        <Dependent key="1" type="300" schemaName="msfsi_insurancecanvasapp_ff63e" displayName="Insurance Canvas App" />
      </MissingDependency>
      <MissingDependency>
        <Required key="5" type="1" schemaName="msfsi_alert" displayName="Alert" solution="Active" />
        <Dependent key="1" type="300" schemaName="msfsi_insurancecanvasapp_ff63e" displayName="Insurance Canvas App" />
      </MissingDependency>
      <MissingDependency>
        <Required key="6" type="1" schemaName="msfsi_claim" displayName="Claim" solution="Active" />
        <Dependent key="1" type="300" schemaName="msfsi_insurancecanvasapp_ff63e" displayName="Insurance Canvas App" />
      </MissingDependency>
    </MissingDependencies>
  </SolutionManifest>
</ImportExportXml>