<ImportExportXml version="9.1.0.19865" SolutionPackageVersion="9.1" languagecode="1033" generatedBy="CrmLive" xmlns:xsi="http://www.w3.org/2001/XMLSchema-instance">
  <SolutionManifest>
    <UniqueName>InsuranceApps</UniqueName>
    <LocalizedNames>
      <LocalizedName description="Insurance Apps" languagecode="1033" />
    </LocalizedNames>
    <Descriptions />
    <Version>1.0.2.0</Version>
    <Managed>1</Managed>
    <Publisher>
      <UniqueName>financialservicesaccelerator</UniqueName>
      <LocalizedNames>
        <LocalizedName description="Financial Services Accelerator" languagecode="1033" />
      </LocalizedNames>
      <Descriptions />
      <EMailAddress xsi:nil="true"></EMailAddress>
      <SupportingWebsiteUrl xsi:nil="true"></SupportingWebsiteUrl>
      <CustomizationPrefix>msfsi</CustomizationPrefix>
      <CustomizationOptionValuePrefix>10480</CustomizationOptionValuePrefix>
      <Addresses>
        <Address>
          <AddressNumber>1</AddressNumber>
          <AddressTypeCode>1</AddressTypeCode>
          <City xsi:nil="true"></City>
          <County xsi:nil="true"></County>
          <Country xsi:nil="true"></Country>
          <Fax xsi:nil="true"></Fax>
          <FreightTermsCode xsi:nil="true"></FreightTermsCode>
          <ImportSequenceNumber xsi:nil="true"></ImportSequenceNumber>
          <Latitude xsi:nil="true"></Latitude>
          <Line1 xsi:nil="true"></Line1>
          <Line2 xsi:nil="true"></Line2>
          <Line3 xsi:nil="true"></Line3>
          <Longitude xsi:nil="true"></Longitude>
          <Name xsi:nil="true"></Name>
          <PostalCode xsi:nil="true"></PostalCode>
          <PostOfficeBox xsi:nil="true"></PostOfficeBox>
          <PrimaryContactName xsi:nil="true"></PrimaryContactName>
          <ShippingMethodCode>1</ShippingMethodCode>
          <StateOrProvince xsi:nil="true"></StateOrProvince>
          <Telephone1 xsi:nil="true"></Telephone1>
          <Telephone2 xsi:nil="true"></Telephone2>
          <Telephone3 xsi:nil="true"></Telephone3>
          <TimeZoneRuleVersionNumber xsi:nil="true"></TimeZoneRuleVersionNumber>
          <UPSZone xsi:nil="true"></UPSZone>
          <UTCOffset xsi:nil="true"></UTCOffset>
          <UTCConversionTimeZoneCode xsi:nil="true"></UTCConversionTimeZoneCode>
        </Address>
        <Address>
          <AddressNumber>2</AddressNumber>
          <AddressTypeCode>1</AddressTypeCode>
          <City xsi:nil="true"></City>
          <County xsi:nil="true"></County>
          <Country xsi:nil="true"></Country>
          <Fax xsi:nil="true"></Fax>
          <FreightTermsCode xsi:nil="true"></FreightTermsCode>
          <ImportSequenceNumber xsi:nil="true"></ImportSequenceNumber>
          <Latitude xsi:nil="true"></Latitude>
          <Line1 xsi:nil="true"></Line1>
          <Line2 xsi:nil="true"></Line2>
          <Line3 xsi:nil="true"></Line3>
          <Longitude xsi:nil="true"></Longitude>
          <Name xsi:nil="true"></Name>
          <PostalCode xsi:nil="true"></PostalCode>
          <PostOfficeBox xsi:nil="true"></PostOfficeBox>
          <PrimaryContactName xsi:nil="true"></PrimaryContactName>
          <ShippingMethodCode>1</ShippingMethodCode>
          <StateOrProvince xsi:nil="true"></StateOrProvince>
          <Telephone1 xsi:nil="true"></Telephone1>
          <Telephone2 xsi:nil="true"></Telephone2>
          <Telephone3 xsi:nil="true"></Telephone3>
          <TimeZoneRuleVersionNumber xsi:nil="true"></TimeZoneRuleVersionNumber>
          <UPSZone xsi:nil="true"></UPSZone>
          <UTCOffset xsi:nil="true"></UTCOffset>
          <UTCConversionTimeZoneCode xsi:nil="true"></UTCConversionTimeZoneCode>
        </Address>
      </Addresses>
    </Publisher>
    <RootComponents>
      <RootComponent type="1" schemaName="msfsi_claim" behavior="1" />
      <RootComponent type="1" schemaName="msfsi_customerjounreyonboarding" behavior="0" />
      <RootComponent type="29" id="{720b144a-a923-460b-af8d-e24e3dfdc669}" behavior="0" />
      <RootComponent type="60" id="{53d35668-229a-ea11-a811-000d3a1abbdd}" behavior="0" />
      <RootComponent type="60" id="{9663a437-73a6-ea11-a812-000d3a8b3e5a}" behavior="0" />
      <RootComponent type="60" id="{9e33e403-bd9a-ea11-a811-000d3a8b3e5a}" behavior="0" />
      <RootComponent type="62" schemaName="msfsi_Insurance" behavior="0" />
      <RootComponent type="80" schemaName="msfsi_Insurance" behavior="0" />
    </RootComponents>
    <MissingDependencies>
      <MissingDependency>
        <Required key="0" type="1" schemaName="msfsi_claimstatus" displayName="Claim Status" solution="Active" />
        <Dependent key="1" type="60" displayName="Agency Dashboard" id="{9e33e403-bd9a-ea11-a811-000d3a8b3e5a}" />
      </MissingDependency>
      <MissingDependency>
        <Required key="2" type="26" schemaName="My Open Claim Statuses" displayName="My Open Claim Statuses" parentSchemaName="msfsi_claimstatus" parentDisplayName="Claim Status" solution="Active" id="{c820d41b-3c97-47ab-961d-ae423ac0fa82}" />
        <Dependent key="1" type="60" displayName="Agency Dashboard" id="{9e33e403-bd9a-ea11-a811-000d3a8b3e5a}" />
      </MissingDependency>
      <MissingDependency>
        <Required key="3" type="26" schemaName="Active Claims" displayName="Active Claims" parentSchemaName="msfsi_claim" parentDisplayName="Claim" solution="Active" id="{1cdd962e-f581-4318-a3e3-a517960889a1}" />
        <Dependent key="1" type="60" displayName="Agency Dashboard" id="{9e33e403-bd9a-ea11-a811-000d3a8b3e5a}" />
      </MissingDependency>
      <MissingDependency>
        <Required key="4" type="26" schemaName="All Claim Statuses" displayName="All Claim Statuses" parentSchemaName="msfsi_claimstatus" parentDisplayName="Claim Status" solution="Active" id="{9b2159bc-41a0-4d29-a6f7-6f3fc1a3a189}" />
        <Dependent key="1" type="60" displayName="Agency Dashboard" id="{9e33e403-bd9a-ea11-a811-000d3a8b3e5a}" />
      </MissingDependency>
      <MissingDependency>
        <Required key="5" type="59" schemaName="Amount Requested by Claim Type" displayName="Amount Requested by Claim Type" parentSchemaName="msfsi_claim" parentDisplayName="Claim" solution="Active" id="{c385e688-bc9a-ea11-a811-000d3a8b3e5a}" />
        <Dependent key="1" type="60" displayName="Agency Dashboard" id="{9e33e403-bd9a-ea11-a811-000d3a8b3e5a}" />
      </MissingDependency>
      <MissingDependency>
        <Required key="6" type="59" schemaName="Claim by Claim Status" displayName="Claim by Claim Status" parentSchemaName="msfsi_claimstatus" parentDisplayName="Claim Status" solution="Active" id="{69470d9d-6095-ea11-a811-000d3a1abbdd}" />
        <Dependent key="1" type="60" displayName="Agency Dashboard" id="{9e33e403-bd9a-ea11-a811-000d3a8b3e5a}" />
      </MissingDependency>
      <MissingDependency>
        <Required key="7" type="59" schemaName="Count of Claim by Date" displayName="Count of Claim by Date" parentSchemaName="msfsi_claim" parentDisplayName="Claim" solution="Active" id="{78d59b9c-bc9a-ea11-a811-000d3a8b3e5a}" />
        <Dependent key="1" type="60" displayName="Agency Dashboard" id="{9e33e403-bd9a-ea11-a811-000d3a8b3e5a}" />
      </MissingDependency>
      <MissingDependency>
        <Required key="8" type="1" schemaName="msfsi_insurancepolicy" displayName="Insurance Policy" solution="Active" />
        <Dependent key="9" type="60" displayName="Agent Dashboard" id="{53d35668-229a-ea11-a811-000d3a1abbdd}" />
      </MissingDependency>
      <MissingDependency>
        <Required key="0" type="1" schemaName="msfsi_claimstatus" displayName="Claim Status" solution="Active" />
        <Dependent key="9" type="60" displayName="Agent Dashboard" id="{53d35668-229a-ea11-a811-000d3a1abbdd}" />
      </MissingDependency>
      <MissingDependency>
        <Required key="10" type="1" schemaName="msfsi_alert" displayName="Alert" solution="Active" />
        <Dependent key="9" type="60" displayName="Agent Dashboard" id="{53d35668-229a-ea11-a811-000d3a1abbdd}" />
      </MissingDependency>
      <MissingDependency>
        <Required key="4" type="26" schemaName="All Claim Statuses" displayName="All Claim Statuses" parentSchemaName="msfsi_claimstatus" parentDisplayName="Claim Status" solution="Active" id="{9b2159bc-41a0-4d29-a6f7-6f3fc1a3a189}" />
        <Dependent key="9" type="60" displayName="Agent Dashboard" id="{53d35668-229a-ea11-a811-000d3a1abbdd}" />
      </MissingDependency>
      <MissingDependency>
        <Required key="11" type="26" schemaName="Active Insurance Policies YTD" displayName="Active Insurance Policies YTD" parentSchemaName="msfsi_insurancepolicy" parentDisplayName="Insurance Policy" solution="Active" id="{66d6d61d-5c95-ea11-a811-000d3a1abbdd}" />
        <Dependent key="9" type="60" displayName="Agent Dashboard" id="{53d35668-229a-ea11-a811-000d3a1abbdd}" />
      </MissingDependency>
      <MissingDependency>
        <Required key="12" type="26" schemaName="Active Insurance Policies" displayName="Active Insurance Policies" parentSchemaName="msfsi_insurancepolicy" parentDisplayName="Insurance Policy" solution="Active" id="{891550c1-e986-45da-bb94-b2721a86a1cf}" />
        <Dependent key="9" type="60" displayName="Agent Dashboard" id="{53d35668-229a-ea11-a811-000d3a1abbdd}" />
      </MissingDependency>
      <MissingDependency>
        <Required key="13" type="26" schemaName="All Alerts" displayName="All Alerts" parentSchemaName="msfsi_alert" parentDisplayName="Alert" solution="Active" id="{3d782260-8b14-4a98-9754-e66b7066564d}" />
        <Dependent key="9" type="60" displayName="Agent Dashboard" id="{53d35668-229a-ea11-a811-000d3a1abbdd}" />
      </MissingDependency>
      <MissingDependency>
        <Required key="3" type="26" schemaName="Active Claims" displayName="Active Claims" parentSchemaName="msfsi_claim" parentDisplayName="Claim" solution="Active" id="{1cdd962e-f581-4318-a3e3-a517960889a1}" />
        <Dependent key="9" type="60" displayName="Agent Dashboard" id="{53d35668-229a-ea11-a811-000d3a1abbdd}" />
      </MissingDependency>
      <MissingDependency>
        <Required key="14" type="59" schemaName="Policy Sales by Policy Type (YTD)" displayName="Policy Sales by Policy Type (YTD)" parentSchemaName="msfsi_insurancepolicy" parentDisplayName="Insurance Policy" solution="Active" id="{0c01bea3-5c95-ea11-a811-000d3a8b3e5a}" />
        <Dependent key="9" type="60" displayName="Agent Dashboard" id="{53d35668-229a-ea11-a811-000d3a1abbdd}" />
      </MissingDependency>
      <MissingDependency>
        <Required key="15" type="59" schemaName="Appointments by Month Due" displayName="Appointments by Month Due" parentSchemaName="appointment" parentDisplayName="Appointment" solution="msdynce_AppCommon (9.0.4.0066)" id="{1bc0ff08-cb08-45d6-8fd4-e49e6b49fe91}" />
        <Dependent key="9" type="60" displayName="Agent Dashboard" id="{53d35668-229a-ea11-a811-000d3a1abbdd}" />
      </MissingDependency>
      <MissingDependency>
        <Required key="6" type="59" schemaName="Claim by Claim Status" displayName="Claim by Claim Status" parentSchemaName="msfsi_claimstatus" parentDisplayName="Claim Status" solution="Active" id="{69470d9d-6095-ea11-a811-000d3a1abbdd}" />
        <Dependent key="9" type="60" displayName="Agent Dashboard" id="{53d35668-229a-ea11-a811-000d3a1abbdd}" />
      </MissingDependency>
      <MissingDependency>
        <Required key="16" type="59" schemaName="Policy Sales by Policy Type (by Month)" displayName="Policy Sales by Policy Type (by Month)" parentSchemaName="msfsi_insurancepolicy" parentDisplayName="Insurance Policy" solution="Active" id="{dd2de89b-5c95-ea11-a811-000d3a1abbdd}" />
        <Dependent key="9" type="60" displayName="Agent Dashboard" id="{53d35668-229a-ea11-a811-000d3a1abbdd}" />
      </MissingDependency>
      <MissingDependency>
        <Required key="17" type="1" schemaName="msfsi_agency" displayName="Agency" solution="Active" />
        <Dependent key="18" type="60" displayName="Agency Management" id="{9663a437-73a6-ea11-a812-000d3a8b3e5a}" />
      </MissingDependency>
      <MissingDependency>
        <Required key="19" type="1" schemaName="msfsi_producer" displayName="Producer" solution="Active" />
        <Dependent key="18" type="60" displayName="Agency Management" id="{9663a437-73a6-ea11-a812-000d3a8b3e5a}" />
      </MissingDependency>
      <MissingDependency>
        <Required key="20" type="26" schemaName="Active Producers" displayName="Active Producers" parentSchemaName="msfsi_producer" parentDisplayName="Producer" solution="Active" id="{e491218e-4403-48d6-b2e5-766b6521dae7}" />
        <Dependent key="18" type="60" displayName="Agency Management" id="{9663a437-73a6-ea11-a812-000d3a8b3e5a}" />
      </MissingDependency>
      <MissingDependency>
        <Required key="21" type="26" schemaName="Active Agencies" displayName="Active Agencies" parentSchemaName="msfsi_agency" parentDisplayName="Agency" solution="Active" id="{c57d80ce-1662-4f23-bf68-c79193e29261}" />
        <Dependent key="18" type="60" displayName="Agency Management" id="{9663a437-73a6-ea11-a812-000d3a8b3e5a}" />
      </MissingDependency>
      <MissingDependency>
        <Required key="22" type="59" schemaName="Total Policy Goal vs. Total Policies YTD by Agency" displayName="Total Policy Goal vs. Total Policies YTD by Agency" parentSchemaName="msfsi_agency" parentDisplayName="Agency" solution="Active" id="{0706dd5d-ba9a-ea11-a811-000d3a8b3e5a}" />
        <Dependent key="18" type="60" displayName="Agency Management" id="{9663a437-73a6-ea11-a812-000d3a8b3e5a}" />
      </MissingDependency>
      <MissingDependency>
        <Required key="23" type="59" schemaName="Renewal Rate Goal vs. Renewal Rate YTD by Agency" displayName="Renewal Rate Goal vs. Renewal Rate YTD by Agency" parentSchemaName="msfsi_agency" parentDisplayName="Agency" solution="Active" id="{6eda9226-ba9a-ea11-a811-000d3a8b3e5a}" />
        <Dependent key="18" type="60" displayName="Agency Management" id="{9663a437-73a6-ea11-a812-000d3a8b3e5a}" />
      </MissingDependency>
      <MissingDependency>
        <Required key="24" type="59" schemaName="Total YTD Performance, vs. Total Full Year Performance by Agency" displayName="Total YTD Performance, vs. Total Full Year Performance by Agency" parentSchemaName="msfsi_agency" parentDisplayName="Agency" solution="Active" id="{3d85081d-bb9a-ea11-a811-000d3a8b3e5a}" />
        <Dependent key="18" type="60" displayName="Agency Management" id="{9663a437-73a6-ea11-a812-000d3a8b3e5a}" />
      </MissingDependency>
      <MissingDependency>
        <Required key="25" type="59" schemaName="Last Year's Total Revenue by Tier" displayName="Last Year's Total Revenue by Tier" parentSchemaName="msfsi_agency" parentDisplayName="Agency" solution="Active" id="{1cbef2ff-b99a-ea11-a811-000d3a8b3e5a}" />
        <Dependent key="18" type="60" displayName="Agency Management" id="{9663a437-73a6-ea11-a812-000d3a8b3e5a}" />
      </MissingDependency>
      <MissingDependency>
        <Required key="26" type="1" schemaName="msfsi_producerlicense" displayName="Producer License" solution="Active" />
        <Dependent key="27" type="62" schemaName="msfsi_Insurance" />
      </MissingDependency>
      <MissingDependency>
        <Required key="28" type="1" schemaName="msfsi_policyterm" displayName="Policy Term" solution="Active" />
        <Dependent key="27" type="62" schemaName="msfsi_Insurance" />
      </MissingDependency>
      <MissingDependency>
        <Required key="29" type="1" schemaName="msfsi_insurancecompany" displayName="Insurance Company" solution="Active" />
        <Dependent key="27" type="62" schemaName="msfsi_Insurance" />
      </MissingDependency>
      <MissingDependency>
        <Required key="19" type="1" schemaName="msfsi_producer" displayName="Producer" solution="Active" />
        <Dependent key="27" type="62" schemaName="msfsi_Insurance" />
      </MissingDependency>
      <MissingDependency>
        <Required key="30" type="1" schemaName="msfsi_claimdocument" displayName="Claim Document" solution="Active" />
        <Dependent key="27" type="62" schemaName="msfsi_Insurance" />
      </MissingDependency>
      <MissingDependency>
        <Required key="31" type="1" schemaName="msfsi_exclusion" displayName="Exclusion" solution="Active" />
        <Dependent key="27" type="62" schemaName="msfsi_Insurance" />
      </MissingDependency>
      <MissingDependency>
        <Required key="32" type="1" schemaName="msfsi_coverage" displayName="Coverage" solution="Active" />
        <Dependent key="27" type="62" schemaName="msfsi_Insurance" />
      </MissingDependency>
      <MissingDependency>
        <Required key="33" type="1" schemaName="msfsi_endorsement" displayName="Endorsement" solution="Active" />
        <Dependent key="27" type="62" schemaName="msfsi_Insurance" />
      </MissingDependency>
      <MissingDependency>
        <Required key="34" type="1" schemaName="msfsi_policydocument" displayName="Policy Document" solution="Active" />
        <Dependent key="27" type="62" schemaName="msfsi_Insurance" />
      </MissingDependency>
      <MissingDependency>
        <Required key="35" type="1" schemaName="msfsi_insuredasset" displayName="Insured Asset" solution="Active" />
        <Dependent key="27" type="62" schemaName="msfsi_Insurance" />
      </MissingDependency>
      <MissingDependency>
        <Required key="17" type="1" schemaName="msfsi_agency" displayName="Agency" solution="Active" />
        <Dependent key="27" type="62" schemaName="msfsi_Insurance" />
      </MissingDependency>
      <MissingDependency>
        <Required key="36" type="1" schemaName="msfsi_insurancepolicyproduct" displayName="Insurance Product" solution="Active" />
        <Dependent key="27" type="62" schemaName="msfsi_Insurance" />
      </MissingDependency>
      <MissingDependency>
        <Required key="0" type="1" schemaName="msfsi_claimstatus" displayName="Claim Status" solution="Active" />
        <Dependent key="27" type="62" schemaName="msfsi_Insurance" />
      </MissingDependency>
      <MissingDependency>
        <Required key="8" type="1" schemaName="msfsi_insurancepolicy" displayName="Insurance Policy" solution="Active" />
        <Dependent key="27" type="62" schemaName="msfsi_Insurance" />
      </MissingDependency>
      <MissingDependency>
        <Required key="10" type="1" schemaName="msfsi_alert" displayName="Alert" solution="Active" />
        <Dependent key="27" type="62" schemaName="msfsi_Insurance" />
      </MissingDependency>
      <MissingDependency>
        <Required key="31" type="1" schemaName="msfsi_exclusion" displayName="Exclusion" solution="Active" />
        <Dependent key="37" type="80" schemaName="msfsi_Insurance" displayName="Insurance" />
      </MissingDependency>
      <MissingDependency>
        <Required key="33" type="1" schemaName="msfsi_endorsement" displayName="Endorsement" solution="Active" />
        <Dependent key="37" type="80" schemaName="msfsi_Insurance" displayName="Insurance" />
      </MissingDependency>
      <MissingDependency>
        <Required key="29" type="1" schemaName="msfsi_insurancecompany" displayName="Insurance Company" solution="Active" />
        <Dependent key="37" type="80" schemaName="msfsi_Insurance" displayName="Insurance" />
      </MissingDependency>
      <MissingDependency>
        <Required key="0" type="1" schemaName="msfsi_claimstatus" displayName="Claim Status" solution="Active" />
        <Dependent key="37" type="80" schemaName="msfsi_Insurance" displayName="Insurance" />
      </MissingDependency>
      <MissingDependency>
        <Required key="28" type="1" schemaName="msfsi_policyterm" displayName="Policy Term" solution="Active" />
        <Dependent key="37" type="80" schemaName="msfsi_Insurance" displayName="Insurance" />
      </MissingDependency>
      <MissingDependency>
        <Required key="36" type="1" schemaName="msfsi_insurancepolicyproduct" displayName="Insurance Product" solution="Active" />
        <Dependent key="37" type="80" schemaName="msfsi_Insurance" displayName="Insurance" />
      </MissingDependency>
      <MissingDependency>
        <Required key="10" type="1" schemaName="msfsi_alert" displayName="Alert" solution="Active" />
        <Dependent key="37" type="80" schemaName="msfsi_Insurance" displayName="Insurance" />
      </MissingDependency>
      <MissingDependency>
        <Required key="34" type="1" schemaName="msfsi_policydocument" displayName="Policy Document" solution="Active" />
        <Dependent key="37" type="80" schemaName="msfsi_Insurance" displayName="Insurance" />
      </MissingDependency>
      <MissingDependency>
        <Required key="38" type="1" schemaName="msfsi_insurancepolicycustomer" displayName="Customer Insurance Policy" solution="Active" />
        <Dependent key="37" type="80" schemaName="msfsi_Insurance" displayName="Insurance" />
      </MissingDependency>
      <MissingDependency>
        <Required key="19" type="1" schemaName="msfsi_producer" displayName="Producer" solution="Active" />
        <Dependent key="37" type="80" schemaName="msfsi_Insurance" displayName="Insurance" />
      </MissingDependency>
      <MissingDependency>
        <Required key="8" type="1" schemaName="msfsi_insurancepolicy" displayName="Insurance Policy" solution="Active" />
        <Dependent key="37" type="80" schemaName="msfsi_Insurance" displayName="Insurance" />
      </MissingDependency>
      <MissingDependency>
        <Required key="35" type="1" schemaName="msfsi_insuredasset" displayName="Insured Asset" solution="Active" />
        <Dependent key="37" type="80" schemaName="msfsi_Insurance" displayName="Insurance" />
      </MissingDependency>
      <MissingDependency>
        <Required key="30" type="1" schemaName="msfsi_claimdocument" displayName="Claim Document" solution="Active" />
        <Dependent key="37" type="80" schemaName="msfsi_Insurance" displayName="Insurance" />
      </MissingDependency>
      <MissingDependency>
        <Required key="17" type="1" schemaName="msfsi_agency" displayName="Agency" solution="Active" />
        <Dependent key="37" type="80" schemaName="msfsi_Insurance" displayName="Insurance" />
      </MissingDependency>
      <MissingDependency>
        <Required key="32" type="1" schemaName="msfsi_coverage" displayName="Coverage" solution="Active" />
        <Dependent key="37" type="80" schemaName="msfsi_Insurance" displayName="Insurance" />
      </MissingDependency>
      <MissingDependency>
        <Required key="39" type="26" schemaName="All Contacts" displayName="All Contacts" parentSchemaName="contact" parentDisplayName="Contact" solution="msdynce_AppCommon (9.0.4.0066)" id="{0d5d377b-5e7c-47b5-bab1-a5cb8b4ac105}" />
        <Dependent key="37" type="80" schemaName="msfsi_Insurance" displayName="Insurance" />
      </MissingDependency>
      <MissingDependency>
        <Required key="40" type="26" schemaName="Customer Accounts" displayName="Customer Accounts" parentSchemaName="account" parentDisplayName="Account" solution="Active" id="{7290b720-2bc2-ea11-a812-000d3a1abbdd}" />
        <Dependent key="37" type="80" schemaName="msfsi_Insurance" displayName="Insurance" />
      </MissingDependency>
      <MissingDependency>
        <Required key="4" type="26" schemaName="All Claim Statuses" displayName="All Claim Statuses" parentSchemaName="msfsi_claimstatus" parentDisplayName="Claim Status" solution="Active" id="{9b2159bc-41a0-4d29-a6f7-6f3fc1a3a189}" />
        <Dependent key="37" type="80" schemaName="msfsi_Insurance" displayName="Insurance" />
      </MissingDependency>
      <MissingDependency>
        <Required key="41" type="26" schemaName="Customer Contacts" displayName="Customer Contacts" parentSchemaName="contact" parentDisplayName="Contact" solution="Active" id="{b5d627da-2bc2-ea11-a812-000d3a1abbdd}" />
        <Dependent key="37" type="80" schemaName="msfsi_Insurance" displayName="Insurance" />
      </MissingDependency>
      <MissingDependency>
        <Required key="42" type="26" schemaName="All Accounts" displayName="All Accounts" parentSchemaName="account" parentDisplayName="Account" solution="msdynce_AppCommon (9.0.4.0066)" id="{65ffaf9a-e8c5-432d-860b-32f841b00d87}" />
        <Dependent key="37" type="80" schemaName="msfsi_Insurance" displayName="Insurance" />
      </MissingDependency>
      <MissingDependency>
        <Required key="43" type="60" displayName="Customer 360" parentDisplayName="Account" solution="Active" id="{0d02616e-e7d0-ea11-a812-000d3a1abbdd}" />
        <Dependent key="37" type="80" schemaName="msfsi_Insurance" displayName="Insurance" />
      </MissingDependency>
      <MissingDependency>
        <Required key="44" type="60" displayName="Contact Form" parentDisplayName="Contact" solution="Active" id="{5a6d5541-e2d0-ea11-a812-000d3a1abbdd}" />
        <Dependent key="37" type="80" schemaName="msfsi_Insurance" displayName="Insurance" />
      </MissingDependency>
      <MissingDependency>
        <Required key="45" type="60" displayName="Account Form" parentDisplayName="Account" solution="Active" id="{9b5725a4-4ca0-ea11-a812-000d3a1abbdd}" />
        <Dependent key="37" type="80" schemaName="msfsi_Insurance" displayName="Insurance" />
      </MissingDependency>
      <MissingDependency>
        <Required key="46" type="60" displayName="Customer 360" parentDisplayName="Contact" solution="Active" id="{f070b993-7585-ea11-a812-000d3a1abbdd}" />
        <Dependent key="37" type="80" schemaName="msfsi_Insurance" displayName="Insurance" />
      </MissingDependency>
      <MissingDependency>
        <Required key="47" type="61" schemaName="msdyn_/Images/AppModule_Default_Icon.png" displayName="msdyn_/Images/AppModule_Default_Icon.png" solution="AppModuleWebResources (2.5)" />
        <Dependent key="37" type="80" schemaName="msfsi_Insurance" displayName="Insurance" />
      </MissingDependency>
      <MissingDependency>
        <Required key="48" type="1" schemaName="msfsi_claim" displayName="Claim" solution="Active" />
        <Dependent key="48" type="1" schemaName="msfsi_claim" displayName="Claim" />
      </MissingDependency>
      <MissingDependency>
        <Required key="49" type="61" schemaName="msfsi_claimsvg" displayName="msfsi_claimsvg" solution="Active" />
        <Dependent key="48" type="1" schemaName="msfsi_claim" displayName="Claim" />
      </MissingDependency>
      <MissingDependency>
        <Required key="50" type="2" schemaName="msfsi_firstnoticeoflossdate" displayName="First Notice of Loss Date" parentSchemaName="msfsi_claim" parentDisplayName="Claim" solution="Active" />
        <Dependent key="51" type="59" schemaName="Claim Amount by First Notice of Loss" displayName="Claim Amount by First Notice of Loss" parentSchemaName="msfsi_claim" parentDisplayName="Claim" id="{609ee33f-8985-ea11-a812-000d3a5911bc}" />
      </MissingDependency>
      <MissingDependency>
        <Required key="52" type="2" schemaName="msfsi_amountrequested" displayName="Amount Requested" parentSchemaName="msfsi_claim" parentDisplayName="Claim" solution="Active" />
        <Dependent key="51" type="59" schemaName="Claim Amount by First Notice of Loss" displayName="Claim Amount by First Notice of Loss" parentSchemaName="msfsi_claim" parentDisplayName="Claim" id="{609ee33f-8985-ea11-a812-000d3a5911bc}" />
      </MissingDependency>
      <MissingDependency>
        <Required key="53" type="2" schemaName="msfsi_claimid" displayName="Claim" parentSchemaName="msfsi_claim" parentDisplayName="Claim" solution="Active" />
        <Dependent key="54" type="59" schemaName="Claim by Type" displayName="Claim by Type" parentSchemaName="msfsi_claim" parentDisplayName="Claim" id="{ba98642d-8985-ea11-a812-000d3a5911bc}" />
      </MissingDependency>
      <MissingDependency>
        <Required key="55" type="2" schemaName="msfsi_resolvedstate" displayName="Resolved State" parentSchemaName="msfsi_claim" parentDisplayName="Claim" solution="Active" />
        <Dependent key="54" type="59" schemaName="Claim by Type" displayName="Claim by Type" parentSchemaName="msfsi_claim" parentDisplayName="Claim" id="{ba98642d-8985-ea11-a812-000d3a5911bc}" />
      </MissingDependency>
      <MissingDependency>
        <Required key="56" type="2" schemaName="msfsi_type" displayName="Type" parentSchemaName="msfsi_claim" parentDisplayName="Claim" solution="Active" />
        <Dependent key="54" type="59" schemaName="Claim by Type" displayName="Claim by Type" parentSchemaName="msfsi_claim" parentDisplayName="Claim" id="{ba98642d-8985-ea11-a812-000d3a5911bc}" />
      </MissingDependency>
    </MissingDependencies>
  </SolutionManifest>
</ImportExportXml>